case_id,activity,timestamp,resource
1,Order Placed,1996-01-02,Clerk#000000951
1,Shipped,1996-01-29,Clerk#000000951
1,Committed,1996-02-07,Clerk#000000951
1,Received,1996-05-16,Clerk#000000951
2,Order Placed,1996-12-01,Clerk#000000880
2,Committed,1997-01-14,Clerk#000000880
2,Shipped,1997-01-28,Clerk#000000880
2,Received,1997-02-02,Clerk#000000880
3,Order Placed,1993-10-14,Clerk#000000955
3,Shipped,1993-10-29,Clerk#000000955
3,Committed,1993-11-22,Clerk#000000955
3,Received,1994-02-23,Clerk#000000955
4,Order Placed,1995-10-11,Clerk#000000124
4,Committed,1995-12-14,Clerk#000000124
4,Shipped,1996-01-10,Clerk#000000124
4,Received,1996-01-18,Clerk#000000124
5,Order Placed,1994-07-30,Clerk#000000925
5,Shipped,1994-08-08,Clerk#000000925
5,Committed,1994-08-31,Clerk#000000925
5,Received,1994-11-20,Clerk#000000925
6,Order Placed,1992-02-21,Clerk#000000058
6,Shipped,1992-04-27,Clerk#000000058
6,Received,1992-05-02,Clerk#000000058
6,Committed,1992-05-15,Clerk#000000058
7,Order Placed,1996-01-10,Clerk#000000470
7,Shipped,1996-01-15,Clerk#000000470
7,Committed,1996-02-23,Clerk#000000470
7,Received,1996-06-03,Clerk#000000470
32,Order Placed,1995-07-16,Clerk#000000616
32,Shipped,1995-07-21,Clerk#000000616
32,Committed,1995-08-20,Clerk#000000616
32,Received,1995-10-26,Clerk#000000616
33,Order Placed,1993-10-27,Clerk#000000409
33,Shipped,1993-10-29,Clerk#000000409
33,Committed,1993-12-19,Clerk#000000409
33,Received,1993-12-28,Clerk#000000409
34,Order Placed,1998-07-21,Clerk#000000223
34,Committed,1998-09-14,Clerk#000000223
34,Shipped,1998-10-09,Clerk#000000223
34,Received,1998-11-06,Clerk#000000223
35,Order Placed,1995-10-23,Clerk#000000259
35,Shipped,1995-11-08,Clerk#000000259
35,Committed,1995-12-22,Clerk#000000259
35,Received,1996-03-18,Clerk#000000259
36,Order Placed,1995-11-03,Clerk#000000358
36,Committed,1996-01-21,Clerk#000000358
36,Shipped,1996-02-03,Clerk#000000358
36,Received,1996-02-23,Clerk#000000358
37,Order Placed,1992-06-03,Clerk#000000456
37,Shipped,1992-07-02,Clerk#000000456
37,Committed,1992-07-06,Clerk#000000456
37,Received,1992-08-15,Clerk#000000456
38,Order Placed,1996-08-21,Clerk#000000604
38,Shipped,1996-09-29,Clerk#000000604
38,Received,1996-09-30,Clerk#000000604
38,Committed,1996-11-17,Clerk#000000604
39,Order Placed,1996-09-20,Clerk#000000659
39,Shipped,1996-09-26,Clerk#000000659
39,Committed,1996-10-20,Clerk#000000659
39,Received,1997-01-01,Clerk#000000659
64,Order Placed,1994-07-16,Clerk#000000661
64,Committed,1994-09-18,Clerk#000000661
64,Shipped,1994-09-30,Clerk#000000661
64,Received,1994-10-26,Clerk#000000661
65,Order Placed,1995-03-18,Clerk#000000632
65,Shipped,1995-04-20,Clerk#000000632
65,Committed,1995-04-25,Clerk#000000632
65,Received,1995-07-31,Clerk#000000632
66,Order Placed,1994-01-20,Clerk#000000743
66,Shipped,1994-02-19,Clerk#000000743
66,Committed,1994-03-01,Clerk#000000743
66,Received,1994-03-18,Clerk#000000743
67,Order Placed,1996-12-19,Clerk#000000547
67,Shipped,1997-01-25,Clerk#000000547
67,Committed,1997-01-27,Clerk#000000547
67,Received,1997-05-06,Clerk#000000547
68,Order Placed,1998-04-18,Clerk#000000440
68,Committed,1998-05-23,Clerk#000000440
68,Shipped,1998-06-19,Clerk#000000440
68,Received,1998-08-29,Clerk#000000440
69,Order Placed,1994-06-04,Clerk#000000330
69,Shipped,1994-06-06,Clerk#000000330
69,Committed,1994-07-07,Clerk#000000330
69,Received,1994-10-24,Clerk#000000330
70,Order Placed,1993-12-18,Clerk#000000322
70,Shipped,1994-01-12,Clerk#000000322
70,Committed,1994-02-13,Clerk#000000322
70,Received,1994-03-27,Clerk#000000322
71,Order Placed,1998-01-24,Clerk#000000271
71,Shipped,1998-01-29,Clerk#000000271
71,Committed,1998-03-20,Clerk#000000271
71,Received,1998-06-02,Clerk#000000271
96,Order Placed,1994-04-17,Clerk#000000395
96,Committed,1994-05-29,Clerk#000000395
96,Shipped,1994-06-03,Clerk#000000395
96,Received,1994-07-25,Clerk#000000395
97,Order Placed,1993-01-29,Clerk#000000547
97,Committed,1993-03-05,Clerk#000000547
97,Shipped,1993-04-01,Clerk#000000547
97,Received,1993-05-25,Clerk#000000547
98,Order Placed,1994-09-25,Clerk#000000448
98,Shipped,1994-10-23,Clerk#000000448
98,Committed,1994-10-25,Clerk#000000448
98,Received,1995-01-27,Clerk#000000448
99,Order Placed,1994-03-13,Clerk#000000973
99,Committed,1994-04-17,Clerk#000000973
99,Shipped,1994-04-19,Clerk#000000973
99,Received,1994-07-30,Clerk#000000973
100,Order Placed,1998-02-28,Clerk#000000577
100,Shipped,1998-03-06,Clerk#000000577
100,Committed,1998-04-10,Clerk#000000577
100,Received,1998-06-29,Clerk#000000577
101,Order Placed,1996-03-17,Clerk#000000419
101,Shipped,1996-03-29,Clerk#000000419
101,Committed,1996-04-20,Clerk#000000419
101,Received,1996-06-29,Clerk#000000419
102,Order Placed,1997-05-09,Clerk#000000596
102,Shipped,1997-06-02,Clerk#000000596
102,Committed,1997-07-13,Clerk#000000596
102,Received,1997-08-26,Clerk#000000596
103,Order Placed,1996-06-20,Clerk#000000090
103,Committed,1996-07-25,Clerk#000000090
103,Shipped,1996-07-30,Clerk#000000090
103,Received,1996-10-28,Clerk#000000090
128,Order Placed,1992-06-15,Clerk#000000385
128,Committed,1992-08-27,Clerk#000000385
128,Shipped,1992-09-01,Clerk#000000385
128,Received,1992-10-01,Clerk#000000385
129,Order Placed,1992-11-19,Clerk#000000859
129,Shipped,1992-11-25,Clerk#000000859
129,Committed,1992-12-25,Clerk#000000859
129,Received,1993-03-05,Clerk#000000859
130,Order Placed,1992-05-08,Clerk#000000036
130,Committed,1992-06-14,Clerk#000000036
130,Shipped,1992-06-26,Clerk#000000036
130,Received,1992-09-13,Clerk#000000036
131,Order Placed,1994-06-08,Clerk#000000625
131,Committed,1994-08-10,Clerk#000000625
131,Shipped,1994-09-14,Clerk#000000625
131,Received,1994-10-04,Clerk#000000625
132,Order Placed,1993-06-11,Clerk#000000488
132,Shipped,1993-06-16,Clerk#000000488
132,Committed,1993-08-05,Clerk#000000488
132,Received,1993-09-22,Clerk#000000488
133,Order Placed,1997-11-29,Clerk#000000738
133,Shipped,1997-12-02,Clerk#000000738
133,Committed,1998-01-15,Clerk#000000738
133,Received,1998-04-04,Clerk#000000738
134,Order Placed,1992-05-01,Clerk#000000711
134,Committed,1992-06-01,Clerk#000000711
134,Shipped,1992-06-20,Clerk#000000711
134,Received,1992-08-28,Clerk#000000711
135,Order Placed,1995-10-21,Clerk#000000804
135,Shipped,1995-11-12,Clerk#000000804
135,Committed,1995-11-20,Clerk#000000804
135,Received,1996-02-25,Clerk#000000804
160,Order Placed,1996-12-19,Clerk#000000342
160,Shipped,1997-01-31,Clerk#000000342
160,Committed,1997-03-05,Clerk#000000342
160,Received,1997-03-20,Clerk#000000342
161,Order Placed,1994-08-31,Clerk#000000322
161,Committed,1994-11-19,Clerk#000000322
161,Shipped,1994-12-13,Clerk#000000322
161,Received,1994-12-26,Clerk#000000322
162,Order Placed,1995-05-08,Clerk#000000378
162,Committed,1995-06-17,Clerk#000000378
162,Shipped,1995-09-02,Clerk#000000378
162,Received,1995-09-08,Clerk#000000378
163,Order Placed,1997-09-05,Clerk#000000379
163,Shipped,1997-09-19,Clerk#000000379
163,Committed,1997-10-09,Clerk#000000379
163,Received,1998-01-05,Clerk#000000379
164,Order Placed,1992-10-21,Clerk#000000209
164,Shipped,1992-11-03,Clerk#000000209
164,Committed,1992-11-21,Clerk#000000209
164,Received,1993-01-10,Clerk#000000209
165,Order Placed,1993-01-30,Clerk#000000292
165,Shipped,1993-02-20,Clerk#000000292
165,Committed,1993-03-04,Clerk#000000292
165,Received,1993-05-13,Clerk#000000292
166,Order Placed,1995-09-12,Clerk#000000440
166,Committed,1995-10-17,Clerk#000000440
166,Shipped,1995-11-09,Clerk#000000440
166,Received,1996-01-29,Clerk#000000440
167,Order Placed,1993-01-04,Clerk#000000731
167,Committed,1993-02-16,Clerk#000000731
167,Shipped,1993-02-19,Clerk#000000731
167,Received,1993-05-31,Clerk#000000731
192,Order Placed,1997-11-25,Clerk#000000483
192,Committed,1998-01-09,Clerk#000000483
192,Shipped,1998-01-30,Clerk#000000483
192,Received,1998-04-03,Clerk#000000483
193,Order Placed,1993-08-08,Clerk#000000025
193,Shipped,1993-08-21,Clerk#000000025
193,Committed,1993-10-08,Clerk#000000025
193,Received,1993-12-05,Clerk#000000025
194,Order Placed,1992-04-05,Clerk#000000352
194,Shipped,1992-04-30,Clerk#000000352
194,Committed,1992-05-18,Clerk#000000352
194,Received,1992-07-11,Clerk#000000352
195,Order Placed,1993-12-28,Clerk#000000216
195,Shipped,1994-01-09,Clerk#000000216
195,Committed,1994-02-11,Clerk#000000216
195,Received,1994-04-09,Clerk#000000216
196,Order Placed,1993-03-17,Clerk#000000988
196,Shipped,1993-04-17,Clerk#000000988
196,Committed,1993-05-08,Clerk#000000988
196,Received,1993-07-06,Clerk#000000988
197,Order Placed,1995-04-07,Clerk#000000969
197,Shipped,1995-04-17,Clerk#000000969
197,Committed,1995-05-23,Clerk#000000969
197,Received,1995-08-14,Clerk#000000969
198,Order Placed,1998-01-02,Clerk#000000331
198,Shipped,1998-01-05,Clerk#000000331
198,Committed,1998-02-26,Clerk#000000331
198,Received,1998-04-15,Clerk#000000331
199,Order Placed,1996-03-07,Clerk#000000489
199,Shipped,1996-03-27,Clerk#000000489
199,Committed,1996-05-29,Clerk#000000489
199,Received,1996-07-04,Clerk#000000489
224,Order Placed,1994-06-18,Clerk#000000642
224,Shipped,1994-07-13,Clerk#000000642
224,Committed,1994-07-30,Clerk#000000642
224,Received,1994-10-20,Clerk#000000642
225,Order Placed,1995-05-25,Clerk#000000177
225,Shipped,1995-06-04,Clerk#000000177
225,Committed,1995-07-08,Clerk#000000177
225,Received,1995-10-22,Clerk#000000177
226,Order Placed,1993-03-10,Clerk#000000756
226,Shipped,1993-03-26,Clerk#000000756
226,Committed,1993-04-13,Clerk#000000756
226,Received,1993-07-13,Clerk#000000756
227,Order Placed,1995-11-10,Clerk#000000919
227,Shipped,1995-12-10,Clerk#000000919
227,Committed,1995-12-24,Clerk#000000919
227,Received,1996-02-12,Clerk#000000919
228,Order Placed,1993-02-25,Clerk#000000562
228,Committed,1993-04-08,Clerk#000000562
228,Shipped,1993-05-20,Clerk#000000562
228,Received,1993-05-26,Clerk#000000562
229,Order Placed,1993-12-29,Clerk#000000628
229,Shipped,1994-01-11,Clerk#000000628
229,Committed,1994-01-31,Clerk#000000628
229,Received,1994-04-13,Clerk#000000628
230,Order Placed,1993-10-27,Clerk#000000520
230,Shipped,1993-11-03,Clerk#000000520
230,Committed,1994-01-03,Clerk#000000520
230,Received,1994-03-11,Clerk#000000520
231,Order Placed,1994-09-29,Clerk#000000446
231,Committed,1994-10-29,Clerk#000000446
231,Shipped,1994-11-05,Clerk#000000446
231,Received,1994-12-17,Clerk#000000446
256,Order Placed,1993-10-19,Clerk#000000834
256,Shipped,1993-11-30,Clerk#000000834
256,Committed,1993-12-13,Clerk#000000834
256,Received,1994-02-10,Clerk#000000834
257,Order Placed,1998-03-28,Clerk#000000680
257,Committed,1998-05-15,Clerk#000000680
257,Shipped,1998-06-18,Clerk#000000680
257,Received,1998-06-27,Clerk#000000680
258,Order Placed,1993-12-29,Clerk#000000167
258,Shipped,1994-01-11,Clerk#000000167
258,Committed,1994-02-13,Clerk#000000167
258,Received,1994-04-29,Clerk#000000167
259,Order Placed,1993-09-29,Clerk#000000601
259,Shipped,1993-10-04,Clerk#000000601
259,Committed,1993-11-07,Clerk#000000601
259,Received,1993-12-31,Clerk#000000601
260,Order Placed,1996-12-10,Clerk#000000960
260,Shipped,1996-12-12,Clerk#000000960
260,Committed,1997-01-14,Clerk#000000960
260,Received,1997-04-22,Clerk#000000960
261,Order Placed,1993-06-29,Clerk#000000310
261,Shipped,1993-07-24,Clerk#000000310
261,Committed,1993-08-02,Clerk#000000310
261,Received,1993-11-07,Clerk#000000310
262,Order Placed,1995-11-25,Clerk#000000551
262,Shipped,1996-01-15,Clerk#000000551
262,Committed,1996-01-31,Clerk#000000551
262,Received,1996-04-11,Clerk#000000551
263,Order Placed,1994-05-17,Clerk#000000088
263,Committed,1994-06-20,Clerk#000000088
263,Shipped,1994-07-21,Clerk#000000088
263,Received,1994-09-09,Clerk#000000088
288,Order Placed,1997-02-21,Clerk#000000109
288,Shipped,1997-02-22,Clerk#000000109
288,Committed,1997-04-04,Clerk#000000109
288,Received,1997-06-20,Clerk#000000109
289,Order Placed,1997-02-10,Clerk#000000103
289,Shipped,1997-02-18,Clerk#000000103
289,Committed,1997-03-30,Clerk#000000103
289,Received,1997-07-02,Clerk#000000103
290,Order Placed,1994-01-01,Clerk#000000735
290,Shipped,1994-01-19,Clerk#000000735
290,Committed,1994-02-05,Clerk#000000735
290,Received,1994-04-27,Clerk#000000735
291,Order Placed,1994-03-13,Clerk#000000923
291,Shipped,1994-03-22,Clerk#000000923
291,Committed,1994-04-25,Clerk#000000923
291,Received,1994-06-23,Clerk#000000923
292,Order Placed,1992-01-13,Clerk#000000193
292,Shipped,1992-02-18,Clerk#000000193
292,Committed,1992-03-06,Clerk#000000193
292,Received,1992-04-20,Clerk#000000193
293,Order Placed,1992-10-02,Clerk#000000629
293,Shipped,1992-10-19,Clerk#000000629
293,Committed,1992-12-01,Clerk#000000629
293,Received,1993-01-12,Clerk#000000629
294,Order Placed,1993-07-16,Clerk#000000499
294,Shipped,1993-08-06,Clerk#000000499
294,Received,1993-08-13,Clerk#000000499
294,Committed,1993-08-19,Clerk#000000499
295,Order Placed,1994-09-29,Clerk#000000155
295,Shipped,1994-11-09,Clerk#000000155
295,Committed,1994-11-17,Clerk#000000155
295,Received,1995-01-25,Clerk#000000155
320,Order Placed,1997-11-21,Clerk#000000573
320,Shipped,1997-12-04,Clerk#000000573
320,Received,1997-12-17,Clerk#000000573
320,Committed,1997-12-26,Clerk#000000573
321,Order Placed,1993-03-21,Clerk#000000289
321,Committed,1993-04-24,Clerk#000000289
321,Shipped,1993-06-21,Clerk#000000289
321,Received,1993-08-13,Clerk#000000289
322,Order Placed,1992-03-19,Clerk#000000158
322,Shipped,1992-04-12,Clerk#000000158
322,Committed,1992-05-03,Clerk#000000158
322,Received,1992-08-14,Clerk#000000158
323,Order Placed,1994-03-26,Clerk#000000959
323,Shipped,1994-04-13,Clerk#000000959
323,Committed,1994-04-25,Clerk#000000959
323,Received,1994-07-13,Clerk#000000959
324,Order Placed,1992-03-20,Clerk#000000352
324,Shipped,1992-04-19,Clerk#000000352
324,Received,1992-05-12,Clerk#000000352
324,Committed,1992-05-28,Clerk#000000352
325,Order Placed,1993-10-17,Clerk#000000844
325,Shipped,1993-10-28,Clerk#000000844
325,Committed,1993-12-13,Clerk#000000844
325,Received,1994-01-04,Clerk#000000844
326,Order Placed,1995-06-04,Clerk#000000466
326,Committed,1995-07-04,Clerk#000000466
326,Shipped,1995-07-05,Clerk#000000466
326,Received,1995-10-22,Clerk#000000466
327,Order Placed,1995-04-17,Clerk#000000992
327,Shipped,1995-05-24,Clerk#000000992
327,Committed,1995-06-07,Clerk#000000992
327,Received,1995-07-09,Clerk#000000992
352,Order Placed,1994-03-08,Clerk#000000932
352,Committed,1994-05-31,Clerk#000000932
352,Shipped,1994-06-02,Clerk#000000932
352,Received,1994-06-29,Clerk#000000932
353,Order Placed,1993-12-31,Clerk#000000449
353,Shipped,1994-01-02,Clerk#000000449
353,Committed,1994-01-31,Clerk#000000449
353,Received,1994-05-05,Clerk#000000449
354,Order Placed,1996-03-14,Clerk#000000511
354,Shipped,1996-03-19,Clerk#000000511
354,Committed,1996-04-18,Clerk#000000511
354,Received,1996-07-10,Clerk#000000511
355,Order Placed,1994-06-14,Clerk#000000532
355,Shipped,1994-07-13,Clerk#000000532
355,Committed,1994-07-19,Clerk#000000532
355,Received,1994-09-06,Clerk#000000532
356,Order Placed,1994-06-30,Clerk#000000944
356,Shipped,1994-07-15,Clerk#000000944
356,Committed,1994-07-31,Clerk#000000944
356,Received,1994-10-23,Clerk#000000944
357,Order Placed,1996-10-09,Clerk#000000301
357,Committed,1996-11-13,Clerk#000000301
357,Shipped,1996-12-28,Clerk#000000301
357,Received,1997-02-14,Clerk#000000301
358,Order Placed,1993-09-20,Clerk#000000392
358,Shipped,1993-10-04,Clerk#000000392
358,Committed,1993-10-29,Clerk#000000392
358,Received,1994-01-17,Clerk#000000392
359,Order Placed,1994-12-19,Clerk#000000934
359,Shipped,1995-01-06,Clerk#000000934
359,Committed,1995-01-20,Clerk#000000934
359,Received,1995-04-25,Clerk#000000934
384,Order Placed,1992-03-03,Clerk#000000206
384,Shipped,1992-04-01,Clerk#000000206
384,Committed,1992-04-18,Clerk#000000206
384,Received,1992-07-22,Clerk#000000206
385,Order Placed,1996-03-22,Clerk#000000600
385,Shipped,1996-03-29,Clerk#000000600
385,Committed,1996-05-09,Clerk#000000600
385,Received,1996-06-06,Clerk#000000600
386,Order Placed,1995-01-25,Clerk#000000648
386,Committed,1995-02-28,Clerk#000000648
386,Shipped,1995-04-12,Clerk#000000648
386,Received,1995-05-25,Clerk#000000648
387,Order Placed,1997-01-26,Clerk#000000768
387,Committed,1997-02-25,Clerk#000000768
387,Shipped,1997-03-08,Clerk#000000768
387,Received,1997-05-29,Clerk#000000768
388,Order Placed,1992-12-16,Clerk#000000356
388,Shipped,1992-12-24,Clerk#000000356
388,Committed,1993-01-26,Clerk#000000356
388,Received,1993-03-24,Clerk#000000356
389,Order Placed,1994-02-17,Clerk#000000062
389,Committed,1994-04-10,Clerk#000000062
389,Shipped,1994-04-13,Clerk#000000062
389,Received,1994-04-25,Clerk#000000062
390,Order Placed,1998-04-07,Clerk#000000404
390,Shipped,1998-04-18,Clerk#000000404
390,Committed,1998-05-10,Clerk#000000404
390,Received,1998-07-18,Clerk#000000404
391,Order Placed,1994-11-17,Clerk#000000256
391,Committed,1995-02-03,Clerk#000000256
391,Shipped,1995-02-11,Clerk#000000256
391,Received,1995-02-13,Clerk#000000256
416,Order Placed,1993-09-27,Clerk#000000294
416,Shipped,1993-10-11,Clerk#000000294
416,Committed,1993-11-26,Clerk#000000294
416,Received,1994-01-09,Clerk#000000294
417,Order Placed,1994-02-06,Clerk#000000468
417,Shipped,1994-02-13,Clerk#000000468
417,Committed,1994-03-08,Clerk#000000468
417,Received,1994-06-06,Clerk#000000468
418,Order Placed,1995-04-13,Clerk#000000643
418,Shipped,1995-06-05,Clerk#000000643
418,Committed,1995-06-16,Clerk#000000643
418,Received,1995-07-23,Clerk#000000643
419,Order Placed,1996-10-01,Clerk#000000376
419,Shipped,1996-11-06,Clerk#000000376
419,Committed,1996-11-28,Clerk#000000376
419,Received,1997-02-01,Clerk#000000376
420,Order Placed,1995-10-31,Clerk#000000756
420,Shipped,1995-11-04,Clerk#000000756
420,Committed,1995-12-13,Clerk#000000756
420,Received,1996-02-12,Clerk#000000756
421,Order Placed,1992-02-22,Clerk#000000405
421,Committed,1992-04-27,Clerk#000000405
421,Shipped,1992-05-29,Clerk#000000405
421,Received,1992-06-09,Clerk#000000405
422,Order Placed,1997-05-31,Clerk#000000049
422,Shipped,1997-06-15,Clerk#000000049
422,Committed,1997-07-09,Clerk#000000049
422,Received,1997-09-22,Clerk#000000049
423,Order Placed,1996-06-01,Clerk#000000674
423,Committed,1996-08-01,Clerk#000000674
423,Shipped,1996-08-20,Clerk#000000674
423,Received,1996-08-23,Clerk#000000674
448,Order Placed,1995-08-21,Clerk#000000597
448,Shipped,1995-08-31,Clerk#000000597
448,Committed,1995-09-30,Clerk#000000597
448,Received,1995-11-26,Clerk#000000597
449,Order Placed,1995-07-20,Clerk#000000841
449,Shipped,1995-07-28,Clerk#000000841
449,Committed,1995-08-25,Clerk#000000841
449,Received,1995-11-21,Clerk#000000841
450,Order Placed,1995-03-05,Clerk#000000293
450,Shipped,1995-03-11,Clerk#000000293
450,Committed,1995-04-25,Clerk#000000293
450,Received,1995-07-30,Clerk#000000293
451,Order Placed,1998-05-25,Clerk#000000048
451,Shipped,1998-06-16,Clerk#000000048
451,Committed,1998-07-03,Clerk#000000048
451,Received,1998-08-30,Clerk#000000048
452,Order Placed,1997-10-14,Clerk#000000498
452,Shipped,1997-12-26,Clerk#000000498
452,Committed,1998-01-03,Clerk#000000498
452,Received,1998-01-12,Clerk#000000498
453,Order Placed,1997-05-26,Clerk#000000504
453,Committed,1997-06-27,Clerk#000000504
453,Shipped,1997-06-30,Clerk#000000504
453,Received,1997-10-14,Clerk#000000504
454,Order Placed,1995-12-27,Clerk#000000890
454,Committed,1996-03-23,Clerk#000000890
454,Shipped,1996-04-26,Clerk#000000890
454,Received,1996-05-20,Clerk#000000890
455,Order Placed,1996-12-04,Clerk#000000796
455,Shipped,1996-12-20,Clerk#000000796
455,Committed,1997-01-10,Clerk#000000796
455,Received,1997-03-26,Clerk#000000796
480,Order Placed,1993-05-08,Clerk#000000004
480,Shipped,1993-06-16,Clerk#000000004
480,Received,1993-07-09,Clerk#000000004
480,Committed,1993-07-28,Clerk#000000004
481,Order Placed,1992-10-08,Clerk#000000230
481,Shipped,1992-10-21,Clerk#000000230
481,Committed,1992-11-11,Clerk#000000230
481,Received,1993-02-05,Clerk#000000230
482,Order Placed,1996-03-26,Clerk#000000295
482,Shipped,1996-03-27,Clerk#000000295
482,Committed,1996-04-25,Clerk#000000295
482,Received,1996-08-10,Clerk#000000295
483,Order Placed,1995-07-11,Clerk#000000025
483,Shipped,1995-07-20,Clerk#000000025
483,Committed,1995-08-11,Clerk#000000025
483,Received,1995-09-18,Clerk#000000025
484,Order Placed,1997-01-03,Clerk#000000545
484,Shipped,1997-01-24,Clerk#000000545
484,Committed,1997-02-08,Clerk#000000545
484,Received,1997-05-17,Clerk#000000545
485,Order Placed,1997-03-26,Clerk#000000105
485,Shipped,1997-03-28,Clerk#000000105
485,Committed,1997-04-27,Clerk#000000105
485,Received,1997-05-01,Clerk#000000105
486,Order Placed,1996-03-11,Clerk#000000803
486,Shipped,1996-03-16,Clerk#000000803
486,Committed,1996-04-20,Clerk#000000803
486,Received,1996-07-23,Clerk#000000803
487,Order Placed,1992-08-18,Clerk#000000086
487,Shipped,1992-09-30,Clerk#000000086
487,Committed,1992-10-08,Clerk#000000086
487,Received,1992-11-11,Clerk#000000086
512,Order Placed,1995-05-20,Clerk#000000814
512,Shipped,1995-05-21,Clerk#000000814
512,Committed,1995-06-21,Clerk#000000814
512,Received,1995-10-07,Clerk#000000814
513,Order Placed,1995-05-01,Clerk#000000522
513,Committed,1995-05-31,Clerk#000000522
513,Shipped,1995-07-12,Clerk#000000522
513,Received,1995-08-12,Clerk#000000522
514,Order Placed,1996-04-04,Clerk#000000094
514,Shipped,1996-04-14,Clerk#000000094
514,Committed,1996-05-14,Clerk#000000094
514,Received,1996-07-07,Clerk#000000094
515,Order Placed,1993-08-29,Clerk#000000700
515,Shipped,1993-09-04,Clerk#000000700
515,Committed,1993-10-02,Clerk#000000700
515,Received,1993-12-03,Clerk#000000700
516,Order Placed,1998-04-21,Clerk#000000305
516,Shipped,1998-05-02,Clerk#000000305
516,Received,1998-05-12,Clerk#000000305
516,Committed,1998-05-23,Clerk#000000305
517,Order Placed,1997-04-07,Clerk#000000359
517,Shipped,1997-04-09,Clerk#000000359
517,Committed,1997-05-07,Clerk#000000359
517,Received,1997-06-27,Clerk#000000359
518,Order Placed,1998-02-08,Clerk#000000768
518,Shipped,1998-02-18,Clerk#000000768
518,Committed,1998-03-17,Clerk#000000768
518,Received,1998-04-29,Clerk#000000768
519,Order Placed,1997-10-31,Clerk#000000985
519,Shipped,1997-11-20,Clerk#000000985
519,Committed,1997-12-02,Clerk#000000985
519,Received,1998-03-19,Clerk#000000985
544,Order Placed,1993-02-17,Clerk#000000145
544,Shipped,1993-03-14,Clerk#000000145
544,Committed,1993-03-27,Clerk#000000145
544,Received,1993-03-27,Clerk#000000145
545,Order Placed,1995-11-07,Clerk#000000537
545,Committed,1995-12-16,Clerk#000000537
545,Shipped,1996-02-21,Clerk#000000537
545,Received,1996-03-21,Clerk#000000537
546,Order Placed,1996-11-01,Clerk#000000041
546,Committed,1996-12-30,Clerk#000000041
546,Shipped,1997-02-04,Clerk#000000041
546,Received,1997-02-25,Clerk#000000041
547,Order Placed,1996-06-22,Clerk#000000976
547,Committed,1996-08-01,Clerk#000000976
547,Shipped,1996-09-04,Clerk#000000976
547,Received,1996-11-20,Clerk#000000976
548,Order Placed,1994-09-21,Clerk#000000435
548,Shipped,1994-09-24,Clerk#000000435
548,Committed,1994-11-06,Clerk#000000435
548,Received,1995-02-10,Clerk#000000435
549,Order Placed,1992-07-13,Clerk#000000196
549,Shipped,1992-07-31,Clerk#000000196
549,Committed,1992-08-12,Clerk#000000196
549,Received,1992-11-13,Clerk#000000196
550,Order Placed,1995-08-02,Clerk#000000204
550,Committed,1995-09-27,Clerk#000000204
550,Shipped,1995-10-24,Clerk#000000204
550,Received,1995-11-04,Clerk#000000204
551,Order Placed,1995-05-30,Clerk#000000179
551,Committed,1995-07-18,Clerk#000000179
551,Shipped,1995-07-29,Clerk#000000179
551,Received,1995-10-11,Clerk#000000179
576,Order Placed,1997-05-13,Clerk#000000955
576,Shipped,1997-05-15,Clerk#000000955
576,Committed,1997-06-16,Clerk#000000955
576,Received,1997-09-25,Clerk#000000955
577,Order Placed,1994-12-19,Clerk#000000154
577,Committed,1995-02-20,Clerk#000000154
577,Shipped,1995-03-19,Clerk#000000154
577,Received,1995-05-09,Clerk#000000154
578,Order Placed,1997-01-10,Clerk#000000281
578,Shipped,1997-02-10,Clerk#000000281
578,Committed,1997-03-03,Clerk#000000281
578,Received,1997-03-20,Clerk#000000281
579,Order Placed,1998-03-11,Clerk#000000862
579,Shipped,1998-04-24,Clerk#000000862
579,Committed,1998-04-25,Clerk#000000862
579,Received,1998-07-19,Clerk#000000862
580,Order Placed,1997-07-05,Clerk#000000314
580,Shipped,1997-07-23,Clerk#000000314
580,Committed,1997-09-08,Clerk#000000314
580,Received,1997-10-16,Clerk#000000314
581,Order Placed,1997-02-23,Clerk#000000239
581,Shipped,1997-02-27,Clerk#000000239
581,Committed,1997-04-06,Clerk#000000239
581,Received,1997-06-22,Clerk#000000239
582,Order Placed,1997-10-21,Clerk#000000378
582,Shipped,1997-11-15,Clerk#000000378
582,Committed,1997-11-27,Clerk#000000378
582,Received,1997-12-31,Clerk#000000378
583,Order Placed,1997-03-19,Clerk#000000792
583,Committed,1997-04-24,Clerk#000000792
583,Shipped,1997-05-11,Clerk#000000792
583,Received,1997-08-11,Clerk#000000792
608,Order Placed,1996-02-28,Clerk#000000995
608,Committed,1996-04-11,Clerk#000000995
608,Shipped,1996-04-19,Clerk#000000995
608,Received,1996-06-02,Clerk#000000995
609,Order Placed,1994-06-01,Clerk#000000348
609,Committed,1994-08-23,Clerk#000000348
609,Shipped,1994-08-24,Clerk#000000348
609,Received,1994-08-27,Clerk#000000348
610,Order Placed,1995-08-02,Clerk#000000610
610,Shipped,1995-08-11,Clerk#000000610
610,Committed,1995-09-09,Clerk#000000610
610,Received,1995-12-04,Clerk#000000610
611,Order Placed,1993-01-27,Clerk#000000401
611,Committed,1993-02-26,Clerk#000000401
611,Shipped,1993-03-10,Clerk#000000401
611,Received,1993-06-15,Clerk#000000401
612,Order Placed,1992-10-21,Clerk#000000759
612,Shipped,1992-11-08,Clerk#000000759
612,Committed,1992-11-20,Clerk#000000759
612,Received,1993-01-30,Clerk#000000759
613,Order Placed,1995-06-18,Clerk#000000172
613,Committed,1995-08-02,Clerk#000000172
613,Shipped,1995-08-05,Clerk#000000172
613,Received,1995-10-15,Clerk#000000172
614,Order Placed,1992-12-01,Clerk#000000388
614,Shipped,1992-12-03,Clerk#000000388
614,Committed,1993-01-06,Clerk#000000388
614,Received,1993-04-16,Clerk#000000388
615,Order Placed,1992-05-09,Clerk#000000388
615,Shipped,1992-06-01,Clerk#000000388
615,Received,1992-06-27,Clerk#000000388
615,Committed,1992-07-14,Clerk#000000388
640,Order Placed,1993-01-23,Clerk#000000433
640,Shipped,1993-03-27,Clerk#000000433
640,Committed,1993-04-11,Clerk#000000433
640,Received,1993-05-21,Clerk#000000433
641,Order Placed,1993-08-30,Clerk#000000175
641,Committed,1993-10-11,Clerk#000000175
641,Shipped,1993-10-17,Clerk#000000175
641,Received,1993-12-26,Clerk#000000175
642,Order Placed,1993-12-16,Clerk#000000357
642,Committed,1994-02-01,Clerk#000000357
642,Shipped,1994-04-16,Clerk#000000357
642,Received,1994-04-27,Clerk#000000357
643,Order Placed,1995-03-25,Clerk#000000354
643,Shipped,1995-04-05,Clerk#000000354
643,Committed,1995-05-12,Clerk#000000354
643,Received,1995-08-01,Clerk#000000354
644,Order Placed,1992-05-01,Clerk#000000550
644,Shipped,1992-05-17,Clerk#000000550
644,Committed,1992-06-14,Clerk#000000550
644,Received,1992-09-11,Clerk#000000550
645,Order Placed,1994-12-03,Clerk#000000090
645,Shipped,1994-12-09,Clerk#000000090
645,Committed,1995-01-04,Clerk#000000090
645,Received,1995-03-06,Clerk#000000090
646,Order Placed,1994-11-22,Clerk#000000203
646,Shipped,1994-12-05,Clerk#000000203
646,Committed,1994-12-26,Clerk#000000203
646,Received,1995-03-16,Clerk#000000203
647,Order Placed,1997-08-07,Clerk#000000270
647,Committed,1997-09-22,Clerk#000000270
647,Shipped,1997-09-23,Clerk#000000270
647,Received,1997-12-15,Clerk#000000270
672,Order Placed,1994-04-14,Clerk#000000106
672,Committed,1994-06-04,Clerk#000000106
672,Shipped,1994-06-20,Clerk#000000106
672,Received,1994-07-19,Clerk#000000106
673,Order Placed,1994-03-10,Clerk#000000448
673,Shipped,1994-03-15,Clerk#000000448
673,Received,1994-03-29,Clerk#000000448
673,Committed,1994-04-27,Clerk#000000448
674,Order Placed,1992-08-29,Clerk#000000448
674,Shipped,1992-10-05,Clerk#000000448
674,Committed,1992-10-15,Clerk#000000448
674,Received,1992-11-03,Clerk#000000448
675,Order Placed,1997-07-31,Clerk#000000168
675,Shipped,1997-08-19,Clerk#000000168
675,Committed,1997-09-28,Clerk#000000168
675,Received,1997-12-12,Clerk#000000168
676,Order Placed,1996-12-13,Clerk#000000248
676,Shipped,1996-12-30,Clerk#000000248
676,Committed,1997-01-13,Clerk#000000248
676,Received,1997-04-08,Clerk#000000248
677,Order Placed,1993-11-24,Clerk#000000824
677,Shipped,1993-12-01,Clerk#000000824
677,Committed,1994-01-14,Clerk#000000824
677,Received,1994-03-28,Clerk#000000824
678,Order Placed,1993-02-27,Clerk#000000530
678,Shipped,1993-02-28,Clerk#000000530
678,Committed,1993-04-04,Clerk#000000530
678,Received,1993-07-10,Clerk#000000530
679,Order Placed,1995-12-15,Clerk#000000853
679,Shipped,1995-12-20,Clerk#000000853
679,Received,1996-01-07,Clerk#000000853
679,Committed,1996-01-27,Clerk#000000853
704,Order Placed,1996-11-21,Clerk#000000682
704,Committed,1996-12-26,Clerk#000000682
704,Shipped,1997-01-30,Clerk#000000682
704,Received,1997-02-20,Clerk#000000682
705,Order Placed,1997-02-13,Clerk#000000294
705,Committed,1997-03-20,Clerk#000000294
705,Shipped,1997-03-25,Clerk#000000294
705,Received,1997-05-05,Clerk#000000294
706,Order Placed,1995-09-09,Clerk#000000448
706,Committed,1995-12-02,Clerk#000000448
706,Shipped,1995-12-06,Clerk#000000448
706,Received,1995-12-16,Clerk#000000448
707,Order Placed,1994-11-20,Clerk#000000199
707,Shipped,1994-12-08,Clerk#000000199
707,Committed,1994-12-28,Clerk#000000199
707,Received,1995-01-16,Clerk#000000199
708,Order Placed,1998-07-03,Clerk#000000101
708,Shipped,1998-07-16,Clerk#000000101
708,Committed,1998-08-15,Clerk#000000101
708,Received,1998-11-25,Clerk#000000101
709,Order Placed,1998-04-21,Clerk#000000461
709,Shipped,1998-06-04,Clerk#000000461
709,Committed,1998-06-08,Clerk#000000461
709,Received,1998-08-20,Clerk#000000461
710,Order Placed,1993-01-02,Clerk#000000026
710,Shipped,1993-01-18,Clerk#000000026
710,Committed,1993-02-05,Clerk#000000026
710,Received,1993-05-15,Clerk#000000026
711,Order Placed,1993-09-23,Clerk#000000856
711,Shipped,1993-10-02,Clerk#000000856
711,Committed,1993-10-26,Clerk#000000856
711,Received,1994-01-31,Clerk#000000856
736,Order Placed,1998-06-21,Clerk#000000881
736,Shipped,1998-07-16,Clerk#000000881
736,Committed,1998-07-26,Clerk#000000881
736,Received,1998-10-19,Clerk#000000881
737,Order Placed,1992-04-26,Clerk#000000233
737,Shipped,1992-04-28,Clerk#000000233
737,Received,1992-05-08,Clerk#000000233
737,Committed,1992-06-30,Clerk#000000233
738,Order Placed,1993-03-02,Clerk#000000669
738,Shipped,1993-03-17,Clerk#000000669
738,Committed,1993-04-02,Clerk#000000669
738,Received,1993-07-09,Clerk#000000669
739,Order Placed,1998-05-31,Clerk#000000900
739,Shipped,1998-06-03,Clerk#000000900
739,Committed,1998-07-09,Clerk#000000900
739,Received,1998-09-02,Clerk#000000900
740,Order Placed,1995-07-16,Clerk#000000583
740,Shipped,1995-07-24,Clerk#000000583
740,Committed,1995-08-22,Clerk#000000583
740,Received,1995-10-29,Clerk#000000583
741,Order Placed,1998-07-07,Clerk#000000295
741,Shipped,1998-07-15,Clerk#000000295
741,Committed,1998-08-27,Clerk#000000295
741,Received,1998-09-12,Clerk#000000295
742,Order Placed,1994-12-23,Clerk#000000543
742,Shipped,1995-01-13,Clerk#000000543
742,Committed,1995-01-23,Clerk#000000543
742,Received,1995-04-08,Clerk#000000543
743,Order Placed,1996-10-04,Clerk#000000933
743,Shipped,1996-10-26,Clerk#000000933
743,Committed,1996-11-05,Clerk#000000933
743,Received,1996-11-11,Clerk#000000933
768,Order Placed,1996-08-20,Clerk#000000411
768,Shipped,1996-09-06,Clerk#000000411
768,Committed,1996-09-23,Clerk#000000411
768,Received,1996-12-12,Clerk#000000411
769,Order Placed,1993-06-02,Clerk#000000172
769,Shipped,1993-06-25,Clerk#000000172
769,Committed,1993-08-07,Clerk#000000172
769,Received,1993-10-15,Clerk#000000172
770,Order Placed,1998-05-23,Clerk#000000572
770,Shipped,1998-05-26,Clerk#000000572
770,Committed,1998-07-23,Clerk#000000572
770,Received,1998-08-04,Clerk#000000572
771,Order Placed,1995-06-17,Clerk#000000105
771,Shipped,1995-06-18,Clerk#000000105
771,Committed,1995-08-02,Clerk#000000105
771,Received,1995-08-30,Clerk#000000105
772,Order Placed,1993-04-17,Clerk#000000430
772,Shipped,1993-04-18,Clerk#000000430
772,Committed,1993-05-19,Clerk#000000430
772,Received,1993-08-02,Clerk#000000430
773,Order Placed,1993-09-26,Clerk#000000307
773,Shipped,1993-10-09,Clerk#000000307
773,Committed,1993-11-02,Clerk#000000307
773,Received,1994-01-26,Clerk#000000307
774,Order Placed,1995-12-04,Clerk#000000883
774,Shipped,1995-12-06,Clerk#000000883
774,Committed,1996-01-03,Clerk#000000883
774,Received,1996-03-22,Clerk#000000883
775,Order Placed,1995-03-18,Clerk#000000191
775,Shipped,1995-05-01,Clerk#000000191
775,Committed,1995-05-07,Clerk#000000191
775,Received,1995-07-13,Clerk#000000191
800,Order Placed,1998-07-14,Clerk#000000213
800,Shipped,1998-07-21,Clerk#000000213
800,Received,1998-08-20,Clerk#000000213
800,Committed,1998-09-25,Clerk#000000213
801,Order Placed,1992-02-18,Clerk#000000186
801,Shipped,1992-03-14,Clerk#000000186
801,Committed,1992-03-20,Clerk#000000186
801,Received,1992-06-21,Clerk#000000186
802,Order Placed,1995-01-05,Clerk#000000516
802,Shipped,1995-01-07,Clerk#000000516
802,Committed,1995-02-04,Clerk#000000516
802,Received,1995-04-23,Clerk#000000516
803,Order Placed,1997-04-29,Clerk#000000260
803,Committed,1997-06-19,Clerk#000000260
803,Shipped,1997-08-04,Clerk#000000260
803,Received,1997-09-10,Clerk#000000260
804,Order Placed,1993-03-12,Clerk#000000931
804,Shipped,1993-03-29,Clerk#000000931
804,Committed,1993-04-13,Clerk#000000931
804,Received,1993-07-28,Clerk#000000931
805,Order Placed,1995-07-05,Clerk#000000856
805,Shipped,1995-07-13,Clerk#000000856
805,Committed,1995-08-15,Clerk#000000856
805,Received,1995-09-16,Clerk#000000856
806,Order Placed,1996-06-20,Clerk#000000240
806,Shipped,1996-07-14,Clerk#000000240
806,Committed,1996-08-11,Clerk#000000240
806,Received,1996-10-20,Clerk#000000240
807,Order Placed,1993-11-24,Clerk#000000012
807,Shipped,1993-12-05,Clerk#000000012
807,Committed,1994-01-09,Clerk#000000012
807,Received,1994-04-14,Clerk#000000012
832,Order Placed,1992-04-19,Clerk#000000495
832,Shipped,1992-05-08,Clerk#000000495
832,Committed,1992-06-06,Clerk#000000495
832,Received,1992-06-17,Clerk#000000495
833,Order Placed,1994-02-13,Clerk#000000437
833,Shipped,1994-02-28,Clerk#000000437
833,Committed,1994-04-05,Clerk#000000437
833,Received,1994-05-01,Clerk#000000437
834,Order Placed,1994-05-23,Clerk#000000805
834,Shipped,1994-06-28,Clerk#000000805
834,Committed,1994-07-25,Clerk#000000805
834,Received,1994-10-02,Clerk#000000805
835,Order Placed,1995-10-08,Clerk#000000416
835,Shipped,1995-11-01,Clerk#000000416
835,Committed,1995-12-02,Clerk#000000416
835,Received,1996-01-21,Clerk#000000416
836,Order Placed,1996-11-25,Clerk#000000729
836,Shipped,1996-12-09,Clerk#000000729
836,Committed,1997-01-31,Clerk#000000729
836,Received,1997-04-05,Clerk#000000729
837,Order Placed,1994-06-15,Clerk#000000563
837,Shipped,1994-06-27,Clerk#000000563
837,Committed,1994-08-10,Clerk#000000563
837,Received,1994-08-11,Clerk#000000563
838,Order Placed,1998-01-29,Clerk#000000213
838,Shipped,1998-02-15,Clerk#000000213
838,Committed,1998-03-25,Clerk#000000213
838,Received,1998-04-19,Clerk#000000213
839,Order Placed,1995-08-08,Clerk#000000951
839,Shipped,1995-10-17,Clerk#000000951
839,Committed,1995-11-03,Clerk#000000951
839,Received,1995-11-10,Clerk#000000951
864,Order Placed,1997-08-17,Clerk#000000036
864,Shipped,1997-09-14,Clerk#000000036
864,Committed,1997-10-07,Clerk#000000036
864,Received,1998-01-12,Clerk#000000036
865,Order Placed,1993-05-04,Clerk#000000337
865,Shipped,1993-05-09,Clerk#000000337
865,Committed,1993-06-25,Clerk#000000337
865,Received,1993-08-28,Clerk#000000337
866,Order Placed,1992-11-28,Clerk#000000718
866,Committed,1993-01-14,Clerk#000000718
866,Shipped,1993-01-22,Clerk#000000718
866,Received,1993-02-07,Clerk#000000718
867,Order Placed,1993-11-16,Clerk#000000877
867,Committed,1993-12-25,Clerk#000000877
867,Shipped,1994-02-19,Clerk#000000877
867,Received,1994-02-25,Clerk#000000877
868,Order Placed,1992-06-09,Clerk#000000782
868,Shipped,1992-06-22,Clerk#000000782
868,Committed,1992-07-18,Clerk#000000782
868,Received,1992-10-16,Clerk#000000782
869,Order Placed,1997-01-12,Clerk#000000245
869,Shipped,1997-01-30,Clerk#000000245
869,Committed,1997-02-17,Clerk#000000245
869,Received,1997-05-24,Clerk#000000245
870,Order Placed,1993-06-20,Clerk#000000123
870,Shipped,1993-08-13,Clerk#000000123
870,Committed,1993-09-11,Clerk#000000123
870,Received,1993-11-15,Clerk#000000123
871,Order Placed,1995-11-15,Clerk#000000882
871,Shipped,1995-11-16,Clerk#000000882
871,Committed,1996-01-05,Clerk#000000882
871,Received,1996-03-26,Clerk#000000882
896,Order Placed,1993-03-09,Clerk#000000187
896,Committed,1993-04-09,Clerk#000000187
896,Shipped,1993-05-01,Clerk#000000187
896,Received,1993-07-24,Clerk#000000187
897,Order Placed,1995-03-20,Clerk#000000316
897,Shipped,1995-03-30,Clerk#000000316
897,Committed,1995-05-07,Clerk#000000316
897,Received,1995-07-14,Clerk#000000316
898,Order Placed,1993-06-03,Clerk#000000611
898,Shipped,1993-07-04,Clerk#000000611
898,Committed,1993-07-09,Clerk#000000611
898,Received,1993-09-25,Clerk#000000611
899,Order Placed,1998-04-08,Clerk#000000575
899,Shipped,1998-04-11,Clerk#000000575
899,Committed,1998-05-09,Clerk#000000575
899,Received,1998-09-05,Clerk#000000575
900,Order Placed,1994-10-01,Clerk#000000060
900,Shipped,1994-10-21,Clerk#000000060
900,Committed,1994-11-08,Clerk#000000060
900,Received,1995-01-19,Clerk#000000060
901,Order Placed,1998-07-21,Clerk#000000929
901,Shipped,1998-08-11,Clerk#000000929
901,Committed,1998-09-13,Clerk#000000929
901,Received,1998-11-14,Clerk#000000929
902,Order Placed,1994-07-27,Clerk#000000811
902,Committed,1994-09-20,Clerk#000000811
902,Shipped,1994-10-01,Clerk#000000811
902,Received,1994-11-26,Clerk#000000811
903,Order Placed,1995-07-07,Clerk#000000793
903,Committed,1995-08-21,Clerk#000000793
903,Shipped,1995-09-11,Clerk#000000793
903,Received,1995-11-03,Clerk#000000793
928,Order Placed,1995-03-02,Clerk#000000450
928,Shipped,1995-04-06,Clerk#000000450
928,Committed,1995-04-09,Clerk#000000450
928,Received,1995-07-01,Clerk#000000450
929,Order Placed,1992-10-02,Clerk#000000160
929,Shipped,1992-10-09,Clerk#000000160
929,Committed,1992-11-17,Clerk#000000160
929,Received,1993-02-16,Clerk#000000160
930,Order Placed,1994-12-17,Clerk#000000004
930,Shipped,1994-12-18,Clerk#000000004
930,Committed,1995-01-27,Clerk#000000004
930,Received,1995-04-22,Clerk#000000004
931,Order Placed,1992-12-07,Clerk#000000881
931,Committed,1993-01-09,Clerk#000000881
931,Shipped,1993-02-03,Clerk#000000881
931,Received,1993-04-13,Clerk#000000881
932,Order Placed,1997-05-16,Clerk#000000218
932,Shipped,1997-06-05,Clerk#000000218
932,Received,1997-06-26,Clerk#000000218
932,Committed,1997-07-22,Clerk#000000218
933,Order Placed,1992-08-05,Clerk#000000752
933,Shipped,1992-08-13,Clerk#000000752
933,Committed,1992-09-18,Clerk#000000752
933,Received,1992-11-16,Clerk#000000752
934,Order Placed,1996-07-03,Clerk#000000229
934,Shipped,1996-09-10,Clerk#000000229
934,Committed,1996-09-20,Clerk#000000229
934,Received,1996-09-25,Clerk#000000229
935,Order Placed,1997-09-24,Clerk#000000180
935,Committed,1997-11-02,Clerk#000000180
935,Shipped,1997-11-05,Clerk#000000180
935,Received,1998-02-08,Clerk#000000180
960,Order Placed,1994-09-21,Clerk#000000120
960,Committed,1994-10-26,Clerk#000000120
960,Shipped,1994-12-01,Clerk#000000120
960,Received,1995-02-04,Clerk#000000120
961,Order Placed,1995-06-04,Clerk#000000720
961,Shipped,1995-06-10,Clerk#000000720
961,Committed,1995-07-19,Clerk#000000720
961,Received,1995-09-10,Clerk#000000720
962,Order Placed,1994-05-06,Clerk#000000463
962,Shipped,1994-05-08,Clerk#000000463
962,Committed,1994-06-07,Clerk#000000463
962,Received,1994-09-19,Clerk#000000463
963,Order Placed,1994-05-26,Clerk#000000497
963,Committed,1994-07-18,Clerk#000000497
963,Shipped,1994-08-25,Clerk#000000497
963,Received,1994-09-21,Clerk#000000497
964,Order Placed,1995-05-20,Clerk#000000657
964,Shipped,1995-06-21,Clerk#000000657
964,Committed,1995-07-24,Clerk#000000657
964,Received,1995-10-17,Clerk#000000657
965,Order Placed,1995-05-15,Clerk#000000218
965,Shipped,1995-06-16,Clerk#000000218
965,Committed,1995-07-08,Clerk#000000218
965,Received,1995-08-11,Clerk#000000218
966,Order Placed,1998-04-30,Clerk#000000239
966,Shipped,1998-05-26,Clerk#000000239
966,Committed,1998-06-08,Clerk#000000239
966,Received,1998-07-27,Clerk#000000239
967,Order Placed,1992-06-21,Clerk#000000167
967,Shipped,1992-07-15,Clerk#000000167
967,Committed,1992-07-27,Clerk#000000167
967,Received,1992-10-25,Clerk#000000167
992,Order Placed,1997-11-11,Clerk#000000875
992,Shipped,1997-11-13,Clerk#000000875
992,Committed,1997-12-24,Clerk#000000875
992,Received,1998-02-18,Clerk#000000875
993,Order Placed,1995-09-10,Clerk#000000894
993,Shipped,1995-09-27,Clerk#000000894
993,Committed,1995-10-20,Clerk#000000894
993,Received,1996-01-23,Clerk#000000894
994,Order Placed,1994-04-20,Clerk#000000497
994,Shipped,1994-05-03,Clerk#000000497
994,Committed,1994-05-21,Clerk#000000497
994,Received,1994-07-20,Clerk#000000497
995,Order Placed,1995-05-31,Clerk#000000439
995,Shipped,1995-06-12,Clerk#000000439
995,Committed,1995-07-20,Clerk#000000439
995,Received,1995-09-28,Clerk#000000439
996,Order Placed,1997-12-29,Clerk#000000497
996,Committed,1998-03-25,Clerk#000000497
996,Shipped,1998-03-27,Clerk#000000497
996,Received,1998-04-06,Clerk#000000497
997,Order Placed,1997-05-19,Clerk#000000651
997,Shipped,1997-06-16,Clerk#000000651
997,Committed,1997-07-21,Clerk#000000651
997,Received,1997-08-20,Clerk#000000651
998,Order Placed,1994-11-26,Clerk#000000956
998,Shipped,1994-12-02,Clerk#000000956
998,Committed,1994-12-27,Clerk#000000956
998,Received,1995-04-13,Clerk#000000956
999,Order Placed,1993-09-05,Clerk#000000464
999,Shipped,1993-09-17,Clerk#000000464
999,Committed,1993-10-17,Clerk#000000464
999,Received,1994-01-12,Clerk#000000464
1024,Order Placed,1997-12-23,Clerk#000000903
1024,Shipped,1998-01-06,Clerk#000000903
1024,Committed,1998-01-26,Clerk#000000903
1024,Received,1998-04-18,Clerk#000000903
1025,Order Placed,1995-05-05,Clerk#000000376
1025,Shipped,1995-05-15,Clerk#000000376
1025,Committed,1995-06-21,Clerk#000000376
1025,Received,1995-06-23,Clerk#000000376
1026,Order Placed,1997-06-04,Clerk#000000223
1026,Shipped,1997-06-14,Clerk#000000223
1026,Received,1997-07-14,Clerk#000000223
1026,Committed,1997-07-20,Clerk#000000223
1027,Order Placed,1992-06-03,Clerk#000000241
1027,Shipped,1992-06-08,Clerk#000000241
1027,Committed,1992-07-09,Clerk#000000241
1027,Received,1992-10-01,Clerk#000000241
1028,Order Placed,1994-01-01,Clerk#000000131
1028,Shipped,1994-01-10,Clerk#000000131
1028,Committed,1994-02-07,Clerk#000000131
1028,Received,1994-05-08,Clerk#000000131
1029,Order Placed,1994-06-21,Clerk#000000700
1029,Shipped,1994-07-21,Clerk#000000700
1029,Received,1994-07-29,Clerk#000000700
1029,Committed,1994-08-30,Clerk#000000700
1030,Order Placed,1994-06-15,Clerk#000000422
1030,Committed,1994-08-01,Clerk#000000422
1030,Shipped,1994-10-13,Clerk#000000422
1030,Received,1994-11-10,Clerk#000000422
1031,Order Placed,1994-09-01,Clerk#000000448
1031,Shipped,1994-09-20,Clerk#000000448
1031,Committed,1994-10-18,Clerk#000000448
1031,Received,1994-12-30,Clerk#000000448
1056,Order Placed,1995-02-11,Clerk#000000125
1056,Shipped,1995-02-18,Clerk#000000125
1056,Received,1995-03-20,Clerk#000000125
1056,Committed,1995-04-01,Clerk#000000125
1057,Order Placed,1992-02-20,Clerk#000000124
1057,Shipped,1992-02-28,Clerk#000000124
1057,Committed,1992-04-18,Clerk#000000124
1057,Received,1992-06-20,Clerk#000000124
1058,Order Placed,1993-04-26,Clerk#000000373
1058,Shipped,1993-05-11,Clerk#000000373
1058,Committed,1993-05-28,Clerk#000000373
1058,Received,1993-07-22,Clerk#000000373
1059,Order Placed,1994-02-27,Clerk#000000104
1059,Shipped,1994-03-17,Clerk#000000104
1059,Committed,1994-03-31,Clerk#000000104
1059,Received,1994-07-02,Clerk#000000104
1060,Order Placed,1993-02-21,Clerk#000000989
1060,Shipped,1993-02-28,Clerk#000000989
1060,Committed,1993-03-24,Clerk#000000989
1060,Received,1993-07-05,Clerk#000000989
1061,Order Placed,1998-05-15,Clerk#000000576
1061,Shipped,1998-05-25,Clerk#000000576
1061,Committed,1998-07-02,Clerk#000000576
1061,Received,1998-08-24,Clerk#000000576
1062,Order Placed,1997-01-15,Clerk#000000152
1062,Shipped,1997-01-27,Clerk#000000152
1062,Received,1997-02-16,Clerk#000000152
1062,Committed,1997-03-07,Clerk#000000152
1063,Order Placed,1994-04-02,Clerk#000000024
1063,Committed,1994-05-25,Clerk#000000024
1063,Shipped,1994-07-10,Clerk#000000024
1063,Received,1994-07-26,Clerk#000000024
1088,Order Placed,1992-05-21,Clerk#000000347
1088,Shipped,1992-05-22,Clerk#000000347
1088,Committed,1992-06-25,Clerk#000000347
1088,Received,1992-09-10,Clerk#000000347
1089,Order Placed,1996-05-04,Clerk#000000226
1089,Shipped,1996-06-24,Clerk#000000226
1089,Committed,1996-06-25,Clerk#000000226
1089,Received,1996-08-26,Clerk#000000226
1090,Order Placed,1997-11-15,Clerk#000000300
1090,Committed,1997-12-25,Clerk#000000300
1090,Shipped,1998-02-19,Clerk#000000300
1090,Received,1998-03-19,Clerk#000000300
1091,Order Placed,1996-08-27,Clerk#000000549
1091,Committed,1996-10-14,Clerk#000000549
1091,Shipped,1996-12-17,Clerk#000000549
1091,Received,1996-12-24,Clerk#000000549
1092,Order Placed,1995-03-04,Clerk#000000006
1092,Shipped,1995-03-10,Clerk#000000006
1092,Committed,1995-04-06,Clerk#000000006
1092,Received,1995-07-18,Clerk#000000006
1093,Order Placed,1997-07-31,Clerk#000000159
1093,Committed,1997-09-06,Clerk#000000159
1093,Shipped,1997-11-06,Clerk#000000159
1093,Received,1997-11-28,Clerk#000000159
1094,Order Placed,1997-12-24,Clerk#000000570
1094,Shipped,1997-12-28,Clerk#000000570
1094,Received,1998-01-18,Clerk#000000570
1094,Committed,1998-03-16,Clerk#000000570
1095,Order Placed,1995-08-22,Clerk#000000709
1095,Shipped,1995-08-24,Clerk#000000709
1095,Committed,1995-09-22,Clerk#000000709
1095,Received,1995-11-09,Clerk#000000709
1120,Order Placed,1997-11-07,Clerk#000000319
1120,Shipped,1997-11-10,Clerk#000000319
1120,Received,1998-01-19,Clerk#000000319
1120,Committed,1998-01-21,Clerk#000000319
1121,Order Placed,1997-01-13,Clerk#000000541
1121,Committed,1997-02-16,Clerk#000000541
1121,Shipped,1997-02-27,Clerk#000000541
1121,Received,1997-05-14,Clerk#000000541
1122,Order Placed,1997-01-10,Clerk#000000083
1122,Shipped,1997-01-23,Clerk#000000083
1122,Committed,1997-02-20,Clerk#000000083
1122,Received,1997-05-15,Clerk#000000083
1123,Order Placed,1996-08-03,Clerk#000000929
1123,Shipped,1996-08-25,Clerk#000000929
1123,Committed,1996-10-04,Clerk#000000929
1123,Received,1996-11-30,Clerk#000000929
1124,Order Placed,1998-07-30,Clerk#000000326
1124,Shipped,1998-08-05,Clerk#000000326
1124,Committed,1998-08-31,Clerk#000000326
1124,Received,1998-12-25,Clerk#000000326
1125,Order Placed,1994-10-27,Clerk#000000510
1125,Shipped,1994-11-29,Clerk#000000510
1125,Committed,1994-12-02,Clerk#000000510
1125,Received,1995-03-05,Clerk#000000510
1126,Order Placed,1998-01-28,Clerk#000000928
1126,Committed,1998-03-22,Clerk#000000928
1126,Shipped,1998-04-17,Clerk#000000928
1126,Received,1998-05-29,Clerk#000000928
1127,Order Placed,1995-09-19,Clerk#000000397
1127,Shipped,1995-09-20,Clerk#000000397
1127,Committed,1995-11-02,Clerk#000000397
1127,Received,1995-12-17,Clerk#000000397
1152,Order Placed,1994-08-14,Clerk#000000496
1152,Committed,1994-09-18,Clerk#000000496
1152,Shipped,1994-10-14,Clerk#000000496
1152,Received,1994-12-25,Clerk#000000496
1153,Order Placed,1996-04-18,Clerk#000000059
1153,Shipped,1996-04-24,Clerk#000000059
1153,Committed,1996-06-01,Clerk#000000059
1153,Received,1996-09-08,Clerk#000000059
1154,Order Placed,1992-02-15,Clerk#000000268
1154,Shipped,1992-02-26,Clerk#000000268
1154,Committed,1992-03-24,Clerk#000000268
1154,Received,1992-07-05,Clerk#000000268
1155,Order Placed,1997-10-06,Clerk#000000164
1155,Shipped,1997-10-19,Clerk#000000164
1155,Committed,1997-11-28,Clerk#000000164
1155,Received,1998-02-01,Clerk#000000164
1156,Order Placed,1996-10-19,Clerk#000000200
1156,Shipped,1996-11-07,Clerk#000000200
1156,Committed,1996-12-02,Clerk#000000200
1156,Received,1997-02-13,Clerk#000000200
1157,Order Placed,1998-01-14,Clerk#000000207
1157,Shipped,1998-02-24,Clerk#000000207
1157,Committed,1998-03-03,Clerk#000000207
1157,Received,1998-05-01,Clerk#000000207
1158,Order Placed,1996-06-30,Clerk#000000549
1158,Committed,1996-07-30,Clerk#000000549
1158,Shipped,1996-10-20,Clerk#000000549
1158,Received,1996-11-14,Clerk#000000549
1159,Order Placed,1992-09-18,Clerk#000000992
1159,Committed,1992-10-27,Clerk#000000992
1159,Shipped,1992-11-20,Clerk#000000992
1159,Received,1992-12-20,Clerk#000000992
1184,Order Placed,1997-10-26,Clerk#000000777
1184,Committed,1997-12-02,Clerk#000000777
1184,Shipped,1997-12-25,Clerk#000000777
1184,Received,1998-03-11,Clerk#000000777
1185,Order Placed,1992-08-24,Clerk#000000344
1185,Shipped,1992-09-24,Clerk#000000344
1185,Committed,1992-09-26,Clerk#000000344
1185,Received,1992-12-28,Clerk#000000344
1186,Order Placed,1996-08-15,Clerk#000000798
1186,Shipped,1996-08-20,Clerk#000000798
1186,Committed,1996-10-17,Clerk#000000798
1186,Received,1996-12-15,Clerk#000000798
1187,Order Placed,1992-11-20,Clerk#000000047
1187,Shipped,1992-12-10,Clerk#000000047
1187,Committed,1992-12-31,Clerk#000000047
1187,Received,1993-03-12,Clerk#000000047
1188,Order Placed,1996-04-11,Clerk#000000256
1188,Committed,1996-05-21,Clerk#000000256
1188,Shipped,1996-05-22,Clerk#000000256
1188,Received,1996-08-19,Clerk#000000256
1189,Order Placed,1994-04-09,Clerk#000000243
1189,Shipped,1994-05-06,Clerk#000000243
1189,Committed,1994-06-07,Clerk#000000243
1189,Received,1994-08-02,Clerk#000000243
1190,Order Placed,1997-03-16,Clerk#000000575
1190,Committed,1997-04-17,Clerk#000000575
1190,Shipped,1997-05-08,Clerk#000000575
1190,Received,1997-06-01,Clerk#000000575
1191,Order Placed,1995-11-07,Clerk#000000011
1191,Shipped,1996-01-24,Clerk#000000011
1191,Committed,1996-01-28,Clerk#000000011
1191,Received,1996-02-17,Clerk#000000011
1216,Order Placed,1992-12-07,Clerk#000000918
1216,Shipped,1993-01-17,Clerk#000000918
1216,Committed,1993-01-28,Clerk#000000918
1216,Received,1993-02-13,Clerk#000000918
1217,Order Placed,1992-04-26,Clerk#000000538
1217,Committed,1992-06-23,Clerk#000000538
1217,Shipped,1992-07-01,Clerk#000000538
1217,Received,1992-07-06,Clerk#000000538
1218,Order Placed,1994-06-20,Clerk#000000994
1218,Shipped,1994-06-26,Clerk#000000994
1218,Committed,1994-08-05,Clerk#000000994
1218,Received,1994-10-30,Clerk#000000994
1219,Order Placed,1995-10-05,Clerk#000000800
1219,Shipped,1995-11-13,Clerk#000000800
1219,Committed,1995-11-22,Clerk#000000800
1219,Received,1995-12-07,Clerk#000000800
1220,Order Placed,1996-08-29,Clerk#000000712
1220,Shipped,1996-09-06,Clerk#000000712
1220,Committed,1996-10-03,Clerk#000000712
1220,Received,1997-01-07,Clerk#000000712
1221,Order Placed,1992-04-19,Clerk#000000852
1221,Shipped,1992-04-28,Clerk#000000852
1221,Committed,1992-06-04,Clerk#000000852
1221,Received,1992-08-27,Clerk#000000852
1222,Order Placed,1993-02-05,Clerk#000000811
1222,Shipped,1993-02-12,Clerk#000000811
1222,Committed,1993-03-14,Clerk#000000811
1222,Received,1993-05-18,Clerk#000000811
1223,Order Placed,1996-05-25,Clerk#000000238
1223,Committed,1996-07-24,Clerk#000000238
1223,Shipped,1996-08-07,Clerk#000000238
1223,Received,1996-08-13,Clerk#000000238
1248,Order Placed,1992-01-02,Clerk#000000890
1248,Shipped,1992-01-16,Clerk#000000890
1248,Committed,1992-02-05,Clerk#000000890
1248,Received,1992-05-13,Clerk#000000890
1249,Order Placed,1994-01-05,Clerk#000000095
1249,Committed,1994-02-28,Clerk#000000095
1249,Shipped,1994-03-03,Clerk#000000095
1249,Received,1994-03-08,Clerk#000000095
1250,Order Placed,1992-09-29,Clerk#000000652
1250,Shipped,1992-11-05,Clerk#000000652
1250,Received,1992-12-03,Clerk#000000652
1250,Committed,1992-12-17,Clerk#000000652
1251,Order Placed,1997-10-30,Clerk#000000276
1251,Shipped,1997-11-29,Clerk#000000276
1251,Committed,1997-12-01,Clerk#000000276
1251,Received,1998-01-23,Clerk#000000276
1252,Order Placed,1997-08-04,Clerk#000000348
1252,Shipped,1997-08-05,Clerk#000000348
1252,Committed,1997-09-12,Clerk#000000348
1252,Received,1997-11-10,Clerk#000000348
1253,Order Placed,1993-01-26,Clerk#000000775
1253,Shipped,1993-02-23,Clerk#000000775
1253,Committed,1993-04-06,Clerk#000000775
1253,Received,1993-05-07,Clerk#000000775
1254,Order Placed,1995-12-22,Clerk#000000607
1254,Shipped,1996-02-02,Clerk#000000607
1254,Committed,1996-02-20,Clerk#000000607
1254,Received,1996-04-18,Clerk#000000607
1255,Order Placed,1994-05-30,Clerk#000000798
1255,Committed,1994-06-29,Clerk#000000798
1255,Shipped,1994-07-06,Clerk#000000798
1255,Received,1994-09-04,Clerk#000000798
1280,Order Placed,1993-01-11,Clerk#000000160
1280,Shipped,1993-02-03,Clerk#000000160
1280,Committed,1993-02-11,Clerk#000000160
1280,Received,1993-05-04,Clerk#000000160
1281,Order Placed,1994-12-11,Clerk#000000430
1281,Shipped,1994-12-27,Clerk#000000430
1281,Committed,1995-01-11,Clerk#000000430
1281,Received,1995-04-14,Clerk#000000430
1282,Order Placed,1992-02-29,Clerk#000000168
1282,Committed,1992-04-05,Clerk#000000168
1282,Shipped,1992-04-10,Clerk#000000168
1282,Received,1992-07-21,Clerk#000000168
1283,Order Placed,1996-08-30,Clerk#000000260
1283,Shipped,1996-09-12,Clerk#000000260
1283,Committed,1996-10-02,Clerk#000000260
1283,Received,1996-12-15,Clerk#000000260
1284,Order Placed,1996-01-07,Clerk#000000492
1284,Shipped,1996-01-11,Clerk#000000492
1284,Committed,1996-02-07,Clerk#000000492
1284,Received,1996-05-08,Clerk#000000492
1285,Order Placed,1992-06-01,Clerk#000000423
1285,Shipped,1992-06-21,Clerk#000000423
1285,Committed,1992-08-05,Clerk#000000423
1285,Received,1992-10-05,Clerk#000000423
1286,Order Placed,1993-05-14,Clerk#000000939
1286,Shipped,1993-05-23,Clerk#000000939
1286,Committed,1993-07-11,Clerk#000000939
1286,Received,1993-09-05,Clerk#000000939
1287,Order Placed,1994-07-05,Clerk#000000288
1287,Shipped,1994-07-08,Clerk#000000288
1287,Committed,1994-08-12,Clerk#000000288
1287,Received,1994-10-30,Clerk#000000288
1312,Order Placed,1994-05-19,Clerk#000000538
1312,Committed,1994-06-29,Clerk#000000538
1312,Shipped,1994-07-19,Clerk#000000538
1312,Received,1994-10-02,Clerk#000000538
1313,Order Placed,1994-09-13,Clerk#000000774
1313,Committed,1994-10-29,Clerk#000000774
1313,Shipped,1994-12-20,Clerk#000000774
1313,Received,1995-01-07,Clerk#000000774
1314,Order Placed,1994-05-13,Clerk#000000485
1314,Shipped,1994-05-16,Clerk#000000485
1314,Committed,1994-06-14,Clerk#000000485
1314,Received,1994-08-31,Clerk#000000485
1315,Order Placed,1998-03-22,Clerk#000000840
1315,Shipped,1998-03-30,Clerk#000000840
1315,Committed,1998-05-23,Clerk#000000840
1315,Received,1998-08-07,Clerk#000000840
1316,Order Placed,1993-12-03,Clerk#000000857
1316,Shipped,1993-12-09,Clerk#000000857
1316,Committed,1994-01-12,Clerk#000000857
1316,Received,1994-04-20,Clerk#000000857
1317,Order Placed,1995-05-19,Clerk#000000373
1317,Shipped,1995-06-08,Clerk#000000373
1317,Committed,1995-06-26,Clerk#000000373
1317,Received,1995-09-10,Clerk#000000373
1318,Order Placed,1998-06-27,Clerk#000000581
1318,Committed,1998-07-31,Clerk#000000581
1318,Shipped,1998-08-25,Clerk#000000581
1318,Received,1998-10-12,Clerk#000000581
1319,Order Placed,1996-09-27,Clerk#000000257
1319,Shipped,1996-10-05,Clerk#000000257
1319,Received,1996-11-29,Clerk#000000257
1319,Committed,1996-12-02,Clerk#000000257
1344,Order Placed,1992-04-16,Clerk#000000178
1344,Committed,1992-06-07,Clerk#000000178
1344,Shipped,1992-06-22,Clerk#000000178
1344,Received,1992-07-21,Clerk#000000178
1345,Order Placed,1992-10-28,Clerk#000000447
1345,Shipped,1992-11-27,Clerk#000000447
1345,Committed,1992-12-11,Clerk#000000447
1345,Received,1993-01-06,Clerk#000000447
1346,Order Placed,1992-06-18,Clerk#000000374
1346,Committed,1992-07-21,Clerk#000000374
1346,Shipped,1992-07-22,Clerk#000000374
1346,Received,1992-10-24,Clerk#000000374
1347,Order Placed,1997-06-20,Clerk#000000977
1347,Shipped,1997-06-25,Clerk#000000977
1347,Committed,1997-07-22,Clerk#000000977
1347,Received,1997-11-02,Clerk#000000977
1348,Order Placed,1998-04-18,Clerk#000000206
1348,Shipped,1998-04-28,Clerk#000000206
1348,Committed,1998-05-26,Clerk#000000206
1348,Received,1998-08-27,Clerk#000000206
1349,Order Placed,1997-10-26,Clerk#000000543
1349,Shipped,1997-12-24,Clerk#000000543
1349,Committed,1998-01-14,Clerk#000000543
1349,Received,1998-02-03,Clerk#000000543
1350,Order Placed,1993-08-24,Clerk#000000635
1350,Committed,1993-09-30,Clerk#000000635
1350,Shipped,1993-11-18,Clerk#000000635
1350,Received,1993-12-25,Clerk#000000635
1351,Order Placed,1998-04-20,Clerk#000000012
1351,Committed,1998-05-25,Clerk#000000012
1351,Shipped,1998-06-02,Clerk#000000012
1351,Received,1998-06-22,Clerk#000000012
1376,Order Placed,1997-05-04,Clerk#000000730
1376,Committed,1997-07-08,Clerk#000000730
1376,Shipped,1997-08-05,Clerk#000000730
1376,Received,1997-09-03,Clerk#000000730
1377,Order Placed,1998-04-24,Clerk#000000625
1377,Shipped,1998-04-30,Clerk#000000625
1377,Committed,1998-06-11,Clerk#000000625
1377,Received,1998-08-13,Clerk#000000625
1378,Order Placed,1996-03-09,Clerk#000000705
1378,Committed,1996-04-13,Clerk#000000705
1378,Shipped,1996-04-15,Clerk#000000705
1378,Received,1996-07-09,Clerk#000000705
1379,Order Placed,1998-05-25,Clerk#000000861
1379,Shipped,1998-06-08,Clerk#000000861
1379,Committed,1998-07-09,Clerk#000000861
1379,Received,1998-09-02,Clerk#000000861
1380,Order Placed,1996-07-07,Clerk#000000969
1380,Shipped,1996-07-14,Clerk#000000969
1380,Committed,1996-08-12,Clerk#000000969
1380,Received,1996-10-20,Clerk#000000969
1381,Order Placed,1998-05-25,Clerk#000000107
1381,Committed,1998-08-12,Clerk#000000107
1381,Shipped,1998-08-13,Clerk#000000107
1381,Received,1998-10-12,Clerk#000000107
1382,Order Placed,1993-08-17,Clerk#000000241
1382,Shipped,1993-08-30,Clerk#000000241
1382,Committed,1993-09-28,Clerk#000000241
1382,Received,1993-11-20,Clerk#000000241
1383,Order Placed,1993-04-27,Clerk#000000785
1383,Shipped,1993-05-24,Clerk#000000785
1383,Committed,1993-07-07,Clerk#000000785
1383,Received,1993-09-12,Clerk#000000785
1408,Order Placed,1997-12-26,Clerk#000000942
1408,Shipped,1998-01-14,Clerk#000000942
1408,Committed,1998-01-25,Clerk#000000942
1408,Received,1998-05-12,Clerk#000000942
1409,Order Placed,1992-12-31,Clerk#000000065
1409,Shipped,1993-01-27,Clerk#000000065
1409,Committed,1993-01-31,Clerk#000000065
1409,Received,1993-05-06,Clerk#000000065
1410,Order Placed,1997-04-12,Clerk#000000123
1410,Shipped,1997-04-17,Clerk#000000123
1410,Committed,1997-05-17,Clerk#000000123
1410,Received,1997-08-19,Clerk#000000123
1411,Order Placed,1994-12-21,Clerk#000000566
1411,Shipped,1995-01-12,Clerk#000000566
1411,Committed,1995-01-20,Clerk#000000566
1411,Received,1995-05-03,Clerk#000000566
1412,Order Placed,1993-03-13,Clerk#000000083
1412,Shipped,1993-03-30,Clerk#000000083
1412,Committed,1993-04-19,Clerk#000000083
1412,Received,1993-07-22,Clerk#000000083
1413,Order Placed,1997-06-14,Clerk#000000342
1413,Committed,1997-07-30,Clerk#000000342
1413,Shipped,1997-08-28,Clerk#000000342
1413,Received,1997-10-25,Clerk#000000342
1414,Order Placed,1995-08-16,Clerk#000000883
1414,Shipped,1995-09-16,Clerk#000000883
1414,Committed,1995-09-30,Clerk#000000883
1414,Received,1995-10-07,Clerk#000000883
1415,Order Placed,1994-05-29,Clerk#000000601
1415,Committed,1994-07-12,Clerk#000000601
1415,Shipped,1994-09-03,Clerk#000000601
1415,Received,1994-09-13,Clerk#000000601
1440,Order Placed,1995-08-10,Clerk#000000956
1440,Shipped,1995-09-21,Clerk#000000956
1440,Committed,1995-10-17,Clerk#000000956
1440,Received,1995-11-08,Clerk#000000956
1441,Order Placed,1997-03-06,Clerk#000000156
1441,Committed,1997-04-16,Clerk#000000156
1441,Shipped,1997-04-25,Clerk#000000156
1441,Received,1997-07-24,Clerk#000000156
1442,Order Placed,1994-07-05,Clerk#000000935
1442,Committed,1994-09-04,Clerk#000000935
1442,Shipped,1994-10-31,Clerk#000000935
1442,Received,1994-11-25,Clerk#000000935
1443,Order Placed,1996-12-16,Clerk#000000185
1443,Committed,1997-02-02,Clerk#000000185
1443,Shipped,1997-02-05,Clerk#000000185
1443,Received,1997-03-03,Clerk#000000185
1444,Order Placed,1994-12-06,Clerk#000000783
1444,Shipped,1994-12-16,Clerk#000000783
1444,Committed,1995-01-12,Clerk#000000783
1444,Received,1995-03-24,Clerk#000000783
1445,Order Placed,1995-01-10,Clerk#000000211
1445,Shipped,1995-02-05,Clerk#000000211
1445,Committed,1995-02-16,Clerk#000000211
1445,Received,1995-05-18,Clerk#000000211
1446,Order Placed,1998-02-16,Clerk#000000274
1446,Shipped,1998-05-01,Clerk#000000274
1446,Committed,1998-05-17,Clerk#000000274
1446,Received,1998-05-30,Clerk#000000274
1447,Order Placed,1992-10-15,Clerk#000000880
1447,Shipped,1992-10-24,Clerk#000000880
1447,Committed,1992-12-07,Clerk#000000880
1447,Received,1993-02-04,Clerk#000000880
1472,Order Placed,1996-10-06,Clerk#000000303
1472,Shipped,1996-10-24,Clerk#000000303
1472,Committed,1996-11-13,Clerk#000000303
1472,Received,1996-12-02,Clerk#000000303
1473,Order Placed,1997-03-17,Clerk#000000960
1473,Shipped,1997-04-18,Clerk#000000960
1473,Received,1997-05-10,Clerk#000000960
1473,Committed,1997-05-12,Clerk#000000960
1474,Order Placed,1995-01-09,Clerk#000000438
1474,Shipped,1995-01-23,Clerk#000000438
1474,Committed,1995-02-11,Clerk#000000438
1474,Received,1995-05-06,Clerk#000000438
1475,Order Placed,1997-11-12,Clerk#000000972
1475,Committed,1997-12-13,Clerk#000000972
1475,Shipped,1997-12-14,Clerk#000000972
1475,Received,1998-03-15,Clerk#000000972
1476,Order Placed,1996-06-27,Clerk#000000673
1476,Shipped,1996-08-11,Clerk#000000673
1476,Received,1996-08-26,Clerk#000000673
1476,Committed,1996-09-18,Clerk#000000673
1477,Order Placed,1997-08-24,Clerk#000000612
1477,Shipped,1997-09-12,Clerk#000000612
1477,Committed,1997-09-30,Clerk#000000612
1477,Received,1998-01-12,Clerk#000000612
1478,Order Placed,1997-08-03,Clerk#000000827
1478,Shipped,1997-09-20,Clerk#000000827
1478,Received,1997-10-06,Clerk#000000827
1478,Committed,1997-10-25,Clerk#000000827
1479,Order Placed,1995-12-16,Clerk#000000697
1479,Committed,1996-02-28,Clerk#000000697
1479,Shipped,1996-03-12,Clerk#000000697
1479,Received,1996-03-31,Clerk#000000697
1504,Order Placed,1992-08-28,Clerk#000000381
1504,Shipped,1992-09-09,Clerk#000000381
1504,Committed,1992-10-12,Clerk#000000381
1504,Received,1992-12-13,Clerk#000000381
1505,Order Placed,1992-08-21,Clerk#000000544
1505,Committed,1992-09-24,Clerk#000000544
1505,Shipped,1992-11-22,Clerk#000000544
1505,Received,1993-01-02,Clerk#000000544
1506,Order Placed,1992-09-21,Clerk#000000620
1506,Shipped,1992-09-22,Clerk#000000620
1506,Committed,1992-10-25,Clerk#000000620
1506,Received,1993-02-09,Clerk#000000620
1507,Order Placed,1993-10-14,Clerk#000000305
1507,Shipped,1993-10-29,Clerk#000000305
1507,Committed,1993-12-16,Clerk#000000305
1507,Received,1994-01-11,Clerk#000000305
1508,Order Placed,1998-04-10,Clerk#000000117
1508,Shipped,1998-04-17,Clerk#000000117
1508,Committed,1998-05-30,Clerk#000000117
1508,Received,1998-08-22,Clerk#000000117
1509,Order Placed,1993-07-08,Clerk#000000770
1509,Shipped,1993-07-14,Clerk#000000770
1509,Committed,1993-08-21,Clerk#000000770
1509,Received,1993-11-14,Clerk#000000770
1510,Order Placed,1996-09-17,Clerk#000000128
1510,Shipped,1996-09-23,Clerk#000000128
1510,Committed,1996-10-17,Clerk#000000128
1510,Received,1996-11-28,Clerk#000000128
1511,Order Placed,1996-12-22,Clerk#000000386
1511,Shipped,1997-01-06,Clerk#000000386
1511,Committed,1997-02-11,Clerk#000000386
1511,Received,1997-03-27,Clerk#000000386
1536,Order Placed,1997-01-26,Clerk#000000117
1536,Shipped,1997-02-08,Clerk#000000117
1536,Received,1997-03-02,Clerk#000000117
1536,Committed,1997-03-11,Clerk#000000117
1537,Order Placed,1992-02-15,Clerk#000000862
1537,Shipped,1992-03-20,Clerk#000000862
1537,Committed,1992-03-31,Clerk#000000862
1537,Received,1992-06-23,Clerk#000000862
1538,Order Placed,1995-06-18,Clerk#000000258
1538,Shipped,1995-06-26,Clerk#000000258
1538,Committed,1995-07-29,Clerk#000000258
1538,Received,1995-11-08,Clerk#000000258
1539,Order Placed,1995-03-10,Clerk#000000840
1539,Committed,1995-04-13,Clerk#000000840
1539,Shipped,1995-04-19,Clerk#000000840
1539,Received,1995-06-10,Clerk#000000840
1540,Order Placed,1992-08-05,Clerk#000000927
1540,Shipped,1992-08-28,Clerk#000000927
1540,Committed,1992-09-04,Clerk#000000927
1540,Received,1992-12-31,Clerk#000000927
1541,Order Placed,1995-05-18,Clerk#000000906
1541,Shipped,1995-06-05,Clerk#000000906
1541,Committed,1995-07-13,Clerk#000000906
1541,Received,1995-08-26,Clerk#000000906
1542,Order Placed,1993-09-15,Clerk#000000435
1542,Shipped,1993-09-28,Clerk#000000435
1542,Committed,1993-10-17,Clerk#000000435
1542,Received,1994-01-07,Clerk#000000435
1543,Order Placed,1997-02-20,Clerk#000000398
1543,Shipped,1997-03-14,Clerk#000000398
1543,Committed,1997-03-30,Clerk#000000398
1543,Received,1997-06-12,Clerk#000000398
1568,Order Placed,1997-01-30,Clerk#000000554
1568,Shipped,1997-04-06,Clerk#000000554
1568,Committed,1997-04-08,Clerk#000000554
1568,Received,1997-06-21,Clerk#000000554
1569,Order Placed,1998-04-02,Clerk#000000786
1569,Shipped,1998-04-16,Clerk#000000786
1569,Committed,1998-05-31,Clerk#000000786
1569,Received,1998-08-10,Clerk#000000786
1570,Order Placed,1998-03-16,Clerk#000000745
1570,Shipped,1998-05-03,Clerk#000000745
1570,Committed,1998-06-01,Clerk#000000745
1570,Received,1998-07-23,Clerk#000000745
1571,Order Placed,1992-12-05,Clerk#000000565
1571,Shipped,1992-12-07,Clerk#000000565
1571,Committed,1993-01-04,Clerk#000000565
1571,Received,1993-04-09,Clerk#000000565
1572,Order Placed,1996-02-24,Clerk#000000994
1572,Committed,1996-03-26,Clerk#000000994
1572,Shipped,1996-05-16,Clerk#000000994
1572,Received,1996-05-28,Clerk#000000994
1573,Order Placed,1992-12-28,Clerk#000000940
1573,Shipped,1992-12-29,Clerk#000000940
1573,Committed,1993-02-16,Clerk#000000940
1573,Received,1993-05-17,Clerk#000000940
1574,Order Placed,1996-12-12,Clerk#000000809
1574,Shipped,1996-12-14,Clerk#000000809
1574,Committed,1997-01-13,Clerk#000000809
1574,Received,1997-04-01,Clerk#000000809
1575,Order Placed,1995-09-13,Clerk#000000497
1575,Shipped,1995-09-23,Clerk#000000497
1575,Committed,1995-10-15,Clerk#000000497
1575,Received,1996-01-23,Clerk#000000497
1600,Order Placed,1993-03-03,Clerk#000000627
1600,Shipped,1993-03-07,Clerk#000000627
1600,Committed,1993-04-07,Clerk#000000627
1600,Received,1993-07-02,Clerk#000000627
1601,Order Placed,1994-08-27,Clerk#000000469
1601,Shipped,1994-09-17,Clerk#000000469
1601,Committed,1994-09-28,Clerk#000000469
1601,Received,1995-01-11,Clerk#000000469
1602,Order Placed,1993-08-05,Clerk#000000660
1602,Committed,1993-09-05,Clerk#000000660
1602,Shipped,1993-10-31,Clerk#000000660
1602,Received,1993-11-21,Clerk#000000660
1603,Order Placed,1993-07-31,Clerk#000000869
1603,Shipped,1993-08-17,Clerk#000000869
1603,Committed,1993-09-04,Clerk#000000869
1603,Received,1993-10-28,Clerk#000000869
1604,Order Placed,1993-07-17,Clerk#000000512
1604,Shipped,1993-08-22,Clerk#000000512
1604,Committed,1993-08-30,Clerk#000000512
1604,Received,1993-11-09,Clerk#000000512
1605,Order Placed,1998-04-24,Clerk#000000616
1605,Shipped,1998-04-29,Clerk#000000616
1605,Committed,1998-06-05,Clerk#000000616
1605,Received,1998-08-09,Clerk#000000616
1606,Order Placed,1997-04-17,Clerk#000000550
1606,Shipped,1997-04-19,Clerk#000000550
1606,Committed,1997-05-26,Clerk#000000550
1606,Received,1997-06-27,Clerk#000000550
1607,Order Placed,1995-12-16,Clerk#000000498
1607,Shipped,1996-01-06,Clerk#000000498
1607,Committed,1996-02-12,Clerk#000000498
1607,Received,1996-03-16,Clerk#000000498
1632,Order Placed,1997-01-08,Clerk#000000351
1632,Shipped,1997-01-15,Clerk#000000351
1632,Committed,1997-02-09,Clerk#000000351
1632,Received,1997-04-29,Clerk#000000351
1633,Order Placed,1995-10-14,Clerk#000000666
1633,Committed,1995-11-13,Clerk#000000666
1633,Shipped,1995-12-13,Clerk#000000666
1633,Received,1996-01-21,Clerk#000000666
1634,Order Placed,1996-09-10,Clerk#000000360
1634,Shipped,1996-09-17,Clerk#000000360
1634,Committed,1996-10-15,Clerk#000000360
1634,Received,1996-12-17,Clerk#000000360
1635,Order Placed,1997-02-13,Clerk#000000958
1635,Shipped,1997-02-25,Clerk#000000958
1635,Committed,1997-03-20,Clerk#000000958
1635,Received,1997-06-17,Clerk#000000958
1636,Order Placed,1997-06-17,Clerk#000000457
1636,Shipped,1997-07-14,Clerk#000000457
1636,Committed,1997-08-08,Clerk#000000457
1636,Received,1997-11-04,Clerk#000000457
1637,Order Placed,1995-02-08,Clerk#000000189
1637,Shipped,1995-02-14,Clerk#000000189
1637,Committed,1995-03-17,Clerk#000000189
1637,Received,1995-07-01,Clerk#000000189
1638,Order Placed,1997-08-13,Clerk#000000643
1638,Shipped,1997-08-20,Clerk#000000643
1638,Committed,1997-09-17,Clerk#000000643
1638,Received,1997-12-06,Clerk#000000643
1639,Order Placed,1995-08-20,Clerk#000000939
1639,Shipped,1995-08-23,Clerk#000000939
1639,Committed,1995-10-06,Clerk#000000939
1639,Received,1996-01-12,Clerk#000000939
1664,Order Placed,1996-03-03,Clerk#000000090
1664,Shipped,1996-03-06,Clerk#000000090
1664,Committed,1996-04-22,Clerk#000000090
1664,Received,1996-07-19,Clerk#000000090
1665,Order Placed,1994-05-08,Clerk#000000920
1665,Shipped,1994-05-22,Clerk#000000920
1665,Committed,1994-06-07,Clerk#000000920
1665,Received,1994-09-12,Clerk#000000920
1666,Order Placed,1995-10-18,Clerk#000000849
1666,Shipped,1995-10-28,Clerk#000000849
1666,Committed,1995-11-30,Clerk#000000849
1666,Received,1996-02-28,Clerk#000000849
1667,Order Placed,1997-10-10,Clerk#000000103
1667,Shipped,1997-10-14,Clerk#000000103
1667,Committed,1997-11-09,Clerk#000000103
1667,Received,1998-02-09,Clerk#000000103
1668,Order Placed,1997-07-12,Clerk#000000148
1668,Shipped,1997-07-23,Clerk#000000148
1668,Committed,1997-09-05,Clerk#000000148
1668,Received,1997-11-01,Clerk#000000148
1669,Order Placed,1997-06-09,Clerk#000000663
1669,Committed,1997-07-30,Clerk#000000663
1669,Shipped,1997-09-04,Clerk#000000663
1669,Received,1997-09-20,Clerk#000000663
1670,Order Placed,1997-05-24,Clerk#000000320
1670,Shipped,1997-07-19,Clerk#000000320
1670,Committed,1997-08-05,Clerk#000000320
1670,Received,1997-09-23,Clerk#000000320
1671,Order Placed,1996-07-27,Clerk#000000275
1671,Shipped,1996-07-28,Clerk#000000275
1671,Committed,1996-09-02,Clerk#000000275
1671,Received,1996-12-17,Clerk#000000275
1696,Order Placed,1998-01-08,Clerk#000000041
1696,Committed,1998-02-07,Clerk#000000041
1696,Shipped,1998-02-14,Clerk#000000041
1696,Received,1998-05-28,Clerk#000000041
1697,Order Placed,1996-10-07,Clerk#000000815
1697,Committed,1996-11-12,Clerk#000000815
1697,Shipped,1996-12-07,Clerk#000000815
1697,Received,1997-02-05,Clerk#000000815
1698,Order Placed,1997-04-23,Clerk#000000432
1698,Shipped,1997-05-16,Clerk#000000432
1698,Committed,1997-05-28,Clerk#000000432
1698,Received,1997-09-03,Clerk#000000432
1699,Order Placed,1993-12-30,Clerk#000000125
1699,Shipped,1994-01-12,Clerk#000000125
1699,Committed,1994-03-12,Clerk#000000125
1699,Received,1994-04-20,Clerk#000000125
1700,Order Placed,1996-06-15,Clerk#000000328
1700,Committed,1996-07-27,Clerk#000000328
1700,Shipped,1996-09-26,Clerk#000000328
1700,Received,1996-10-22,Clerk#000000328
1701,Order Placed,1992-05-19,Clerk#000000395
1701,Shipped,1992-05-25,Clerk#000000395
1701,Committed,1992-06-29,Clerk#000000395
1701,Received,1992-07-04,Clerk#000000395
1702,Order Placed,1995-05-07,Clerk#000000300
1702,Shipped,1995-06-02,Clerk#000000300
1702,Committed,1995-06-08,Clerk#000000300
1702,Received,1995-09-10,Clerk#000000300
1703,Order Placed,1993-01-28,Clerk#000000463
1703,Shipped,1993-02-07,Clerk#000000463
1703,Committed,1993-03-05,Clerk#000000463
1703,Received,1993-04-27,Clerk#000000463
1728,Order Placed,1996-05-22,Clerk#000000711
1728,Committed,1996-06-22,Clerk#000000711
1728,Shipped,1996-07-26,Clerk#000000711
1728,Received,1996-09-20,Clerk#000000711
1729,Order Placed,1992-05-19,Clerk#000000158
1729,Committed,1992-07-24,Clerk#000000158
1729,Shipped,1992-08-11,Clerk#000000158
1729,Received,1992-08-16,Clerk#000000158
1730,Order Placed,1998-07-24,Clerk#000000794
1730,Shipped,1998-08-11,Clerk#000000794
1730,Committed,1998-08-29,Clerk#000000794
1730,Received,1998-11-02,Clerk#000000794
1731,Order Placed,1996-01-06,Clerk#000000268
1731,Shipped,1996-01-14,Clerk#000000268
1731,Committed,1996-02-13,Clerk#000000268
1731,Received,1996-05-27,Clerk#000000268
1732,Order Placed,1993-11-29,Clerk#000000903
1732,Shipped,1993-12-05,Clerk#000000903
1732,Committed,1994-01-02,Clerk#000000903
1732,Received,1994-04-02,Clerk#000000903
1733,Order Placed,1996-05-12,Clerk#000000789
1733,Shipped,1996-05-25,Clerk#000000789
1733,Committed,1996-07-08,Clerk#000000789
1733,Received,1996-09-27,Clerk#000000789
1734,Order Placed,1994-06-11,Clerk#000000722
1734,Committed,1994-07-17,Clerk#000000722
1734,Shipped,1994-08-09,Clerk#000000722
1734,Received,1994-08-25,Clerk#000000722
1735,Order Placed,1992-12-27,Clerk#000000458
1735,Shipped,1992-12-31,Clerk#000000458
1735,Received,1993-02-02,Clerk#000000458
1735,Committed,1993-02-03,Clerk#000000458
1760,Order Placed,1996-05-17,Clerk#000000917
1760,Shipped,1996-06-11,Clerk#000000917
1760,Committed,1996-06-16,Clerk#000000917
1760,Received,1996-08-01,Clerk#000000917
1761,Order Placed,1993-12-24,Clerk#000000817
1761,Shipped,1994-01-02,Clerk#000000817
1761,Committed,1994-01-23,Clerk#000000817
1761,Received,1994-04-29,Clerk#000000817
1762,Order Placed,1994-08-20,Clerk#000000653
1762,Shipped,1994-09-03,Clerk#000000653
1762,Committed,1994-10-02,Clerk#000000653
1762,Received,1995-01-17,Clerk#000000653
1763,Order Placed,1996-10-29,Clerk#000000321
1763,Shipped,1996-11-04,Clerk#000000321
1763,Committed,1996-12-04,Clerk#000000321
1763,Received,1997-03-27,Clerk#000000321
1764,Order Placed,1992-03-25,Clerk#000000182
1764,Shipped,1992-05-06,Clerk#000000182
1764,Committed,1992-05-11,Clerk#000000182
1764,Received,1992-07-06,Clerk#000000182
1765,Order Placed,1995-12-03,Clerk#000000490
1765,Committed,1996-02-17,Clerk#000000490
1765,Shipped,1996-03-02,Clerk#000000490
1765,Received,1996-03-14,Clerk#000000490
1766,Order Placed,1996-10-12,Clerk#000000983
1766,Shipped,1996-10-28,Clerk#000000983
1766,Committed,1996-11-11,Clerk#000000983
1766,Received,1997-02-19,Clerk#000000983
1767,Order Placed,1995-03-14,Clerk#000000327
1767,Shipped,1995-03-16,Clerk#000000327
1767,Committed,1995-04-14,Clerk#000000327
1767,Received,1995-07-03,Clerk#000000327
1792,Order Placed,1993-11-09,Clerk#000000102
1792,Committed,1993-12-11,Clerk#000000102
1792,Shipped,1994-01-31,Clerk#000000102
1792,Received,1994-03-12,Clerk#000000102
1793,Order Placed,1992-07-12,Clerk#000000291
1793,Shipped,1992-07-28,Clerk#000000291
1793,Committed,1992-08-26,Clerk#000000291
1793,Received,1992-11-23,Clerk#000000291
1794,Order Placed,1997-09-28,Clerk#000000686
1794,Shipped,1997-09-29,Clerk#000000686
1794,Committed,1997-11-01,Clerk#000000686
1794,Received,1998-02-14,Clerk#000000686
1795,Order Placed,1994-03-19,Clerk#000000815
1795,Committed,1994-04-21,Clerk#000000815
1795,Shipped,1994-04-24,Clerk#000000815
1795,Received,1994-07-02,Clerk#000000815
1796,Order Placed,1992-11-21,Clerk#000000245
1796,Shipped,1992-12-01,Clerk#000000245
1796,Committed,1993-01-01,Clerk#000000245
1796,Received,1993-01-10,Clerk#000000245
1797,Order Placed,1996-05-07,Clerk#000000508
1797,Shipped,1996-06-03,Clerk#000000508
1797,Committed,1996-07-11,Clerk#000000508
1797,Received,1996-08-29,Clerk#000000508
1798,Order Placed,1997-07-28,Clerk#000000741
1798,Shipped,1997-08-27,Clerk#000000741
1798,Received,1997-09-09,Clerk#000000741
1798,Committed,1997-10-23,Clerk#000000741
1799,Order Placed,1994-03-07,Clerk#000000339
1799,Shipped,1994-04-05,Clerk#000000339
1799,Committed,1994-04-28,Clerk#000000339
1799,Received,1994-06-27,Clerk#000000339
1824,Order Placed,1994-05-05,Clerk#000000972
1824,Shipped,1994-05-08,Clerk#000000972
1824,Committed,1994-06-21,Clerk#000000972
1824,Received,1994-09-19,Clerk#000000972
1825,Order Placed,1993-12-05,Clerk#000000345
1825,Shipped,1993-12-07,Clerk#000000345
1825,Committed,1994-01-12,Clerk#000000345
1825,Received,1994-04-21,Clerk#000000345
1826,Order Placed,1992-04-16,Clerk#000000718
1826,Shipped,1992-04-28,Clerk#000000718
1826,Committed,1992-05-17,Clerk#000000718
1826,Received,1992-08-04,Clerk#000000718
1827,Order Placed,1996-06-22,Clerk#000000369
1827,Shipped,1996-07-20,Clerk#000000369
1827,Committed,1996-08-07,Clerk#000000369
1827,Received,1996-11-07,Clerk#000000369
1828,Order Placed,1994-04-18,Clerk#000000840
1828,Shipped,1994-05-05,Clerk#000000840
1828,Committed,1994-05-28,Clerk#000000840
1828,Received,1994-08-13,Clerk#000000840
1829,Order Placed,1994-05-08,Clerk#000000537
1829,Shipped,1994-05-18,Clerk#000000537
1829,Committed,1994-06-08,Clerk#000000537
1829,Received,1994-09-16,Clerk#000000537
1830,Order Placed,1995-02-23,Clerk#000000045
1830,Shipped,1995-03-09,Clerk#000000045
1830,Committed,1995-04-14,Clerk#000000045
1830,Received,1995-05-10,Clerk#000000045
1831,Order Placed,1993-12-02,Clerk#000000854
1831,Shipped,1993-12-17,Clerk#000000854
1831,Committed,1994-01-07,Clerk#000000854
1831,Received,1994-04-06,Clerk#000000854
1856,Order Placed,1992-03-20,Clerk#000000952
1856,Shipped,1992-03-22,Clerk#000000952
1856,Committed,1992-05-02,Clerk#000000952
1856,Received,1992-06-28,Clerk#000000952
1857,Order Placed,1993-01-13,Clerk#000000083
1857,Shipped,1993-01-27,Clerk#000000083
1857,Committed,1993-02-16,Clerk#000000083
1857,Received,1993-04-18,Clerk#000000083
1858,Order Placed,1997-12-13,Clerk#000000389
1858,Shipped,1997-12-28,Clerk#000000389
1858,Received,1998-01-13,Clerk#000000389
1858,Committed,1998-02-03,Clerk#000000389
1859,Order Placed,1997-04-11,Clerk#000000949
1859,Shipped,1997-05-05,Clerk#000000949
1859,Committed,1997-05-20,Clerk#000000949
1859,Received,1997-08-26,Clerk#000000949
1860,Order Placed,1996-04-04,Clerk#000000556
1860,Committed,1996-05-31,Clerk#000000556
1860,Shipped,1996-08-03,Clerk#000000556
1860,Received,1996-08-04,Clerk#000000556
1861,Order Placed,1994-01-03,Clerk#000000847
1861,Shipped,1994-01-14,Clerk#000000847
1861,Committed,1994-02-05,Clerk#000000847
1861,Received,1994-05-15,Clerk#000000847
1862,Order Placed,1998-02-24,Clerk#000000348
1862,Shipped,1998-03-25,Clerk#000000348
1862,Committed,1998-05-15,Clerk#000000348
1862,Received,1998-07-04,Clerk#000000348
1863,Order Placed,1993-09-23,Clerk#000000658
1863,Shipped,1993-10-10,Clerk#000000658
1863,Committed,1993-11-05,Clerk#000000658
1863,Received,1993-12-08,Clerk#000000658
1888,Order Placed,1993-10-31,Clerk#000000659
1888,Shipped,1993-11-29,Clerk#000000659
1888,Committed,1993-12-16,Clerk#000000659
1888,Received,1994-03-28,Clerk#000000659
1889,Order Placed,1997-03-16,Clerk#000000854
1889,Committed,1997-04-28,Clerk#000000854
1889,Shipped,1997-05-19,Clerk#000000854
1889,Received,1997-07-21,Clerk#000000854
1890,Order Placed,1996-12-18,Clerk#000000627
1890,Shipped,1996-12-24,Clerk#000000627
1890,Committed,1997-01-31,Clerk#000000627
1890,Received,1997-04-30,Clerk#000000627
1891,Order Placed,1994-12-15,Clerk#000000495
1891,Shipped,1994-12-20,Clerk#000000495
1891,Committed,1995-01-16,Clerk#000000495
1891,Received,1995-03-18,Clerk#000000495
1892,Order Placed,1994-03-26,Clerk#000000733
1892,Shipped,1994-04-05,Clerk#000000733
1892,Committed,1994-05-09,Clerk#000000733
1892,Received,1994-06-28,Clerk#000000733
1893,Order Placed,1997-10-30,Clerk#000000111
1893,Committed,1997-12-22,Clerk#000000111
1893,Shipped,1998-01-19,Clerk#000000111
1893,Received,1998-02-25,Clerk#000000111
1894,Order Placed,1992-03-30,Clerk#000000626
1894,Committed,1992-05-11,Clerk#000000626
1894,Shipped,1992-06-07,Clerk#000000626
1894,Received,1992-07-01,Clerk#000000626
1895,Order Placed,1994-05-30,Clerk#000000878
1895,Committed,1994-07-19,Clerk#000000878
1895,Shipped,1994-07-26,Clerk#000000878
1895,Received,1994-08-11,Clerk#000000878
1920,Order Placed,1998-06-24,Clerk#000000018
1920,Shipped,1998-08-01,Clerk#000000018
1920,Committed,1998-08-04,Clerk#000000018
1920,Received,1998-10-29,Clerk#000000018
1921,Order Placed,1994-01-18,Clerk#000000293
1921,Shipped,1994-02-01,Clerk#000000293
1921,Committed,1994-03-20,Clerk#000000293
1921,Received,1994-04-30,Clerk#000000293
1922,Order Placed,1996-07-13,Clerk#000000984
1922,Committed,1996-09-21,Clerk#000000984
1922,Shipped,1996-10-24,Clerk#000000984
1922,Received,1996-11-15,Clerk#000000984
1923,Order Placed,1997-07-07,Clerk#000000471
1923,Shipped,1997-07-12,Clerk#000000471
1923,Committed,1997-08-08,Clerk#000000471
1923,Received,1997-11-25,Clerk#000000471
1924,Order Placed,1996-09-07,Clerk#000000823
1924,Shipped,1996-09-20,Clerk#000000823
1924,Committed,1996-10-18,Clerk#000000823
1924,Received,1997-01-27,Clerk#000000823
1925,Order Placed,1992-03-05,Clerk#000000986
1925,Committed,1992-04-06,Clerk#000000986
1925,Shipped,1992-04-12,Clerk#000000986
1925,Received,1992-06-16,Clerk#000000986
1926,Order Placed,1996-01-31,Clerk#000000568
1926,Shipped,1996-02-26,Clerk#000000568
1926,Committed,1996-03-02,Clerk#000000568
1926,Received,1996-06-04,Clerk#000000568
1927,Order Placed,1995-09-30,Clerk#000000616
1927,Shipped,1995-10-06,Clerk#000000616
1927,Committed,1995-11-20,Clerk#000000616
1927,Received,1995-12-31,Clerk#000000616
1952,Order Placed,1994-03-16,Clerk#000000254
1952,Shipped,1994-05-06,Clerk#000000254
1952,Committed,1994-05-21,Clerk#000000254
1952,Received,1994-05-26,Clerk#000000254
1953,Order Placed,1993-11-30,Clerk#000000891
1953,Shipped,1994-01-07,Clerk#000000891
1953,Committed,1994-01-28,Clerk#000000891
1953,Received,1994-02-14,Clerk#000000891
1954,Order Placed,1997-05-31,Clerk#000000104
1954,Shipped,1997-06-04,Clerk#000000104
1954,Committed,1997-07-04,Clerk#000000104
1954,Received,1997-10-07,Clerk#000000104
1955,Order Placed,1992-04-20,Clerk#000000792
1955,Shipped,1992-04-30,Clerk#000000792
1955,Committed,1992-06-04,Clerk#000000792
1955,Received,1992-08-07,Clerk#000000792
1956,Order Placed,1992-09-20,Clerk#000000600
1956,Shipped,1992-09-24,Clerk#000000600
1956,Committed,1992-10-21,Clerk#000000600
1956,Received,1993-01-12,Clerk#000000600
1957,Order Placed,1998-07-21,Clerk#000000639
1957,Shipped,1998-08-08,Clerk#000000639
1957,Received,1998-08-27,Clerk#000000639
1957,Committed,1998-08-31,Clerk#000000639
1958,Order Placed,1995-09-22,Clerk#000000343
1958,Shipped,1995-10-09,Clerk#000000343
1958,Committed,1995-11-06,Clerk#000000343
1958,Received,1996-02-14,Clerk#000000343
1959,Order Placed,1997-01-13,Clerk#000000631
1959,Shipped,1997-01-20,Clerk#000000631
1959,Committed,1997-02-18,Clerk#000000631
1959,Received,1997-05-24,Clerk#000000631
1984,Order Placed,1998-04-01,Clerk#000000416
1984,Shipped,1998-04-09,Clerk#000000416
1984,Committed,1998-05-04,Clerk#000000416
1984,Received,1998-06-01,Clerk#000000416
1985,Order Placed,1994-09-02,Clerk#000000741
1985,Shipped,1994-09-06,Clerk#000000741
1985,Committed,1994-10-09,Clerk#000000741
1985,Received,1994-12-25,Clerk#000000741
1986,Order Placed,1994-05-05,Clerk#000000609
1986,Shipped,1994-05-14,Clerk#000000609
1986,Committed,1994-06-19,Clerk#000000609
1986,Received,1994-09-02,Clerk#000000609
1987,Order Placed,1994-04-30,Clerk#000000652
1987,Committed,1994-07-06,Clerk#000000652
1987,Shipped,1994-07-30,Clerk#000000652
1987,Received,1994-08-29,Clerk#000000652
1988,Order Placed,1995-10-06,Clerk#000000011
1988,Shipped,1995-10-20,Clerk#000000011
1988,Committed,1995-11-11,Clerk#000000011
1988,Received,1996-02-24,Clerk#000000011
1989,Order Placed,1994-03-16,Clerk#000000747
1989,Committed,1994-05-27,Clerk#000000747
1989,Shipped,1994-06-21,Clerk#000000747
1989,Received,1994-06-22,Clerk#000000747
1990,Order Placed,1994-12-16,Clerk#000000114
1990,Shipped,1994-12-29,Clerk#000000114
1990,Received,1995-01-13,Clerk#000000114
1990,Committed,1995-03-14,Clerk#000000114
1991,Order Placed,1992-09-07,Clerk#000000854
1991,Shipped,1992-09-10,Clerk#000000854
1991,Committed,1992-10-08,Clerk#000000854
1991,Received,1993-01-10,Clerk#000000854
2016,Order Placed,1996-08-16,Clerk#000000641
2016,Shipped,1996-09-19,Clerk#000000641
2016,Committed,1996-10-05,Clerk#000000641
2016,Received,1996-10-31,Clerk#000000641
2017,Order Placed,1998-05-13,Clerk#000000427
2017,Shipped,1998-05-22,Clerk#000000427
2017,Committed,1998-06-15,Clerk#000000427
2017,Received,1998-07-11,Clerk#000000427
2018,Order Placed,1995-04-05,Clerk#000000920
2018,Shipped,1995-05-05,Clerk#000000920
2018,Committed,1995-05-12,Clerk#000000920
2018,Received,1995-07-04,Clerk#000000920
2019,Order Placed,1992-10-23,Clerk#000000565
2019,Shipped,1992-11-18,Clerk#000000565
2019,Committed,1992-12-22,Clerk#000000565
2019,Received,1993-02-02,Clerk#000000565
2020,Order Placed,1993-06-21,Clerk#000000192
2020,Shipped,1993-07-12,Clerk#000000192
2020,Committed,1993-08-11,Clerk#000000192
2020,Received,1993-10-29,Clerk#000000192
2021,Order Placed,1995-07-15,Clerk#000000155
2021,Shipped,1995-08-14,Clerk#000000155
2021,Committed,1995-09-05,Clerk#000000155
2021,Received,1995-10-20,Clerk#000000155
2022,Order Placed,1992-03-15,Clerk#000000268
2022,Shipped,1992-03-24,Clerk#000000268
2022,Committed,1992-04-17,Clerk#000000268
2022,Received,1992-07-13,Clerk#000000268
2023,Order Placed,1992-05-06,Clerk#000000137
2023,Shipped,1992-06-04,Clerk#000000137
2023,Committed,1992-06-30,Clerk#000000137
2023,Received,1992-09-18,Clerk#000000137
2048,Order Placed,1993-11-15,Clerk#000000934
2048,Shipped,1993-12-07,Clerk#000000934
2048,Committed,1994-01-19,Clerk#000000934
2048,Received,1994-02-08,Clerk#000000934
2049,Order Placed,1995-12-07,Clerk#000000859
2049,Shipped,1995-12-16,Clerk#000000859
2049,Committed,1996-01-21,Clerk#000000859
2049,Received,1996-04-15,Clerk#000000859
2050,Order Placed,1994-06-02,Clerk#000000821
2050,Shipped,1994-06-08,Clerk#000000821
2050,Committed,1994-07-04,Clerk#000000821
2050,Received,1994-10-29,Clerk#000000821
2051,Order Placed,1996-03-18,Clerk#000000333
2051,Shipped,1996-04-22,Clerk#000000333
2051,Received,1996-05-19,Clerk#000000333
2051,Committed,1996-06-14,Clerk#000000333
2052,Order Placed,1992-04-13,Clerk#000000767
2052,Committed,1992-05-16,Clerk#000000767
2052,Shipped,1992-05-29,Clerk#000000767
2052,Received,1992-07-19,Clerk#000000767
2053,Order Placed,1995-02-07,Clerk#000000717
2053,Committed,1995-03-13,Clerk#000000717
2053,Shipped,1995-03-15,Clerk#000000717
2053,Received,1995-05-13,Clerk#000000717
2054,Order Placed,1992-06-08,Clerk#000000103
2054,Shipped,1992-06-09,Clerk#000000103
2054,Committed,1992-07-08,Clerk#000000103
2054,Received,1992-08-24,Clerk#000000103
2055,Order Placed,1993-09-04,Clerk#000000067
2055,Shipped,1993-09-15,Clerk#000000067
2055,Committed,1993-10-06,Clerk#000000067
2055,Received,1993-11-28,Clerk#000000067
2080,Order Placed,1993-06-18,Clerk#000000190
2080,Committed,1993-08-07,Clerk#000000190
2080,Shipped,1993-08-22,Clerk#000000190
2080,Received,1993-09-02,Clerk#000000190
2081,Order Placed,1997-07-05,Clerk#000000136
2081,Shipped,1997-07-06,Clerk#000000136
2081,Committed,1997-08-12,Clerk#000000136
2081,Received,1997-11-10,Clerk#000000136
2082,Order Placed,1995-01-10,Clerk#000000354
2082,Shipped,1995-01-20,Clerk#000000354
2082,Received,1995-02-07,Clerk#000000354
2082,Committed,1995-02-11,Clerk#000000354
2083,Order Placed,1993-07-14,Clerk#000000361
2083,Shipped,1993-09-07,Clerk#000000361
2083,Received,1993-09-18,Clerk#000000361
2083,Committed,1993-09-30,Clerk#000000361
2084,Order Placed,1993-03-17,Clerk#000000048
2084,Shipped,1993-03-18,Clerk#000000048
2084,Committed,1993-04-20,Clerk#000000048
2084,Received,1993-08-06,Clerk#000000048
2085,Order Placed,1993-11-21,Clerk#000000818
2085,Committed,1994-01-11,Clerk#000000818
2085,Shipped,1994-02-27,Clerk#000000818
2085,Received,1994-03-29,Clerk#000000818
2086,Order Placed,1994-10-19,Clerk#000000046
2086,Shipped,1994-11-04,Clerk#000000046
2086,Committed,1994-11-25,Clerk#000000046
2086,Received,1995-02-15,Clerk#000000046
2087,Order Placed,1998-01-31,Clerk#000000626
2087,Shipped,1998-02-24,Clerk#000000626
2087,Committed,1998-03-24,Clerk#000000626
2087,Received,1998-06-12,Clerk#000000626
2112,Order Placed,1997-02-05,Clerk#000000351
2112,Committed,1997-03-16,Clerk#000000351
2112,Shipped,1997-05-02,Clerk#000000351
2112,Received,1997-05-25,Clerk#000000351
2113,Order Placed,1997-11-08,Clerk#000000527
2113,Committed,1997-12-11,Clerk#000000527
2113,Shipped,1998-01-16,Clerk#000000527
2113,Received,1998-03-16,Clerk#000000527
2114,Order Placed,1995-01-16,Clerk#000000751
2114,Shipped,1995-02-05,Clerk#000000751
2114,Committed,1995-03-13,Clerk#000000751
2114,Received,1995-05-28,Clerk#000000751
2115,Order Placed,1998-05-23,Clerk#000000101
2115,Shipped,1998-07-14,Clerk#000000101
2115,Committed,1998-07-25,Clerk#000000101
2115,Received,1998-09-05,Clerk#000000101
2116,Order Placed,1994-08-26,Clerk#000000197
2116,Shipped,1994-09-01,Clerk#000000197
2116,Committed,1994-10-21,Clerk#000000197
2116,Received,1994-11-09,Clerk#000000197
2117,Order Placed,1997-04-26,Clerk#000000887
2117,Shipped,1997-05-05,Clerk#000000887
2117,Committed,1997-05-27,Clerk#000000887
2117,Received,1997-08-13,Clerk#000000887
2118,Order Placed,1996-10-09,Clerk#000000196
2118,Shipped,1996-10-25,Clerk#000000196
2118,Committed,1996-11-10,Clerk#000000196
2118,Received,1997-01-14,Clerk#000000196
2119,Order Placed,1996-08-20,Clerk#000000434
2119,Committed,1996-10-25,Clerk#000000434
2119,Shipped,1996-11-10,Clerk#000000434
2119,Received,1996-12-03,Clerk#000000434
2144,Order Placed,1994-03-29,Clerk#000000546
2144,Shipped,1994-04-04,Clerk#000000546
2144,Committed,1994-04-29,Clerk#000000546
2144,Received,1994-07-05,Clerk#000000546
2145,Order Placed,1992-10-03,Clerk#000000886
2145,Shipped,1992-10-10,Clerk#000000886
2145,Committed,1992-11-29,Clerk#000000886
2145,Received,1992-12-07,Clerk#000000886
2146,Order Placed,1992-09-14,Clerk#000000476
2146,Shipped,1992-09-16,Clerk#000000476
2146,Committed,1992-10-16,Clerk#000000476
2146,Received,1993-02-05,Clerk#000000476
2147,Order Placed,1992-09-06,Clerk#000000424
2147,Shipped,1992-09-27,Clerk#000000424
2147,Committed,1992-11-08,Clerk#000000424
2147,Received,1992-12-22,Clerk#000000424
2148,Order Placed,1995-04-19,Clerk#000000517
2148,Committed,1995-05-26,Clerk#000000517
2148,Shipped,1995-05-28,Clerk#000000517
2148,Received,1995-06-15,Clerk#000000517
2149,Order Placed,1993-03-13,Clerk#000000555
2149,Shipped,1993-04-05,Clerk#000000555
2149,Committed,1993-04-17,Clerk#000000555
2149,Received,1993-07-11,Clerk#000000555
2150,Order Placed,1994-06-03,Clerk#000000154
2150,Shipped,1994-06-10,Clerk#000000154
2150,Committed,1994-07-31,Clerk#000000154
2150,Received,1994-10-13,Clerk#000000154
2151,Order Placed,1996-11-11,Clerk#000000996
2151,Shipped,1996-11-20,Clerk#000000996
2151,Committed,1996-12-17,Clerk#000000996
2151,Received,1997-03-21,Clerk#000000996
2176,Order Placed,1992-11-10,Clerk#000000195
2176,Shipped,1992-11-17,Clerk#000000195
2176,Committed,1993-01-05,Clerk#000000195
2176,Received,1993-03-23,Clerk#000000195
2177,Order Placed,1997-01-20,Clerk#000000161
2177,Shipped,1997-01-28,Clerk#000000161
2177,Committed,1997-02-23,Clerk#000000161
2177,Received,1997-05-28,Clerk#000000161
2178,Order Placed,1996-12-12,Clerk#000000656
2178,Committed,1997-01-23,Clerk#000000656
2178,Shipped,1997-02-26,Clerk#000000656
2178,Received,1997-04-18,Clerk#000000656
2179,Order Placed,1996-09-07,Clerk#000000935
2179,Shipped,1996-09-30,Clerk#000000935
2179,Committed,1996-10-08,Clerk#000000935
2179,Received,1996-11-25,Clerk#000000935
2180,Order Placed,1996-09-14,Clerk#000000650
2180,Shipped,1996-09-23,Clerk#000000650
2180,Committed,1996-10-24,Clerk#000000650
2180,Received,1997-01-25,Clerk#000000650
2181,Order Placed,1995-09-13,Clerk#000000814
2181,Shipped,1995-09-25,Clerk#000000814
2181,Committed,1995-10-17,Clerk#000000814
2181,Received,1996-01-08,Clerk#000000814
2182,Order Placed,1994-04-05,Clerk#000000071
2182,Shipped,1994-04-08,Clerk#000000071
2182,Committed,1994-06-02,Clerk#000000071
2182,Received,1994-06-10,Clerk#000000071
2183,Order Placed,1996-06-22,Clerk#000000287
2183,Shipped,1996-07-06,Clerk#000000287
2183,Received,1996-08-15,Clerk#000000287
2183,Committed,1996-08-21,Clerk#000000287
2208,Order Placed,1995-05-01,Clerk#000000900
2208,Shipped,1995-05-05,Clerk#000000900
2208,Committed,1995-05-31,Clerk#000000900
2208,Received,1995-09-05,Clerk#000000900
2209,Order Placed,1992-07-10,Clerk#000000056
2209,Shipped,1992-07-12,Clerk#000000056
2209,Committed,1992-08-18,Clerk#000000056
2209,Received,1992-11-11,Clerk#000000056
2210,Order Placed,1992-01-16,Clerk#000000941
2210,Shipped,1992-03-04,Clerk#000000941
2210,Received,1992-03-21,Clerk#000000941
2210,Committed,1992-03-24,Clerk#000000941
2211,Order Placed,1994-06-30,Clerk#000000464
2211,Committed,1994-08-04,Clerk#000000464
2211,Shipped,1994-08-13,Clerk#000000464
2211,Received,1994-11-03,Clerk#000000464
2212,Order Placed,1994-03-23,Clerk#000000954
2212,Committed,1994-06-18,Clerk#000000954
2212,Shipped,1994-06-22,Clerk#000000954
2212,Received,1994-06-25,Clerk#000000954
2213,Order Placed,1993-01-15,Clerk#000000598
2213,Shipped,1993-01-21,Clerk#000000598
2213,Committed,1993-03-11,Clerk#000000598
2213,Received,1993-05-23,Clerk#000000598
2214,Order Placed,1998-05-05,Clerk#000000253
2214,Shipped,1998-05-26,Clerk#000000253
2214,Committed,1998-06-07,Clerk#000000253
2214,Received,1998-07-16,Clerk#000000253
2215,Order Placed,1996-06-16,Clerk#000000817
2215,Shipped,1996-07-19,Clerk#000000817
2215,Committed,1996-07-20,Clerk#000000817
2215,Received,1996-09-28,Clerk#000000817
2240,Order Placed,1992-03-06,Clerk#000000622
2240,Shipped,1992-03-16,Clerk#000000622
2240,Committed,1992-04-09,Clerk#000000622
2240,Received,1992-07-20,Clerk#000000622
2241,Order Placed,1993-05-11,Clerk#000000081
2241,Shipped,1993-05-14,Clerk#000000081
2241,Committed,1993-06-15,Clerk#000000081
2241,Received,1993-09-01,Clerk#000000081
2242,Order Placed,1997-07-20,Clerk#000000360
2242,Shipped,1997-08-04,Clerk#000000360
2242,Received,1997-08-11,Clerk#000000360
2242,Committed,1997-09-21,Clerk#000000360
2243,Order Placed,1995-06-10,Clerk#000000813
2243,Committed,1995-07-18,Clerk#000000813
2243,Shipped,1995-07-26,Clerk#000000813
2243,Received,1995-08-03,Clerk#000000813
2244,Order Placed,1993-01-09,Clerk#000001000
2244,Shipped,1993-02-12,Clerk#000001000
2244,Committed,1993-03-09,Clerk#000001000
2244,Received,1993-05-19,Clerk#000001000
2245,Order Placed,1993-04-28,Clerk#000000528
2245,Shipped,1993-05-06,Clerk#000000528
2245,Committed,1993-06-05,Clerk#000000528
2245,Received,1993-09-04,Clerk#000000528
2246,Order Placed,1996-05-27,Clerk#000000739
2246,Shipped,1996-06-21,Clerk#000000739
2246,Committed,1996-07-21,Clerk#000000739
2246,Received,1996-10-08,Clerk#000000739
2247,Order Placed,1992-08-02,Clerk#000000947
2247,Shipped,1992-09-06,Clerk#000000947
2247,Committed,1992-09-18,Clerk#000000947
2247,Received,1992-09-26,Clerk#000000947
2272,Order Placed,1993-04-13,Clerk#000000449
2272,Shipped,1993-04-19,Clerk#000000449
2272,Committed,1993-05-14,Clerk#000000449
2272,Received,1993-08-25,Clerk#000000449
2273,Order Placed,1996-12-14,Clerk#000000155
2273,Shipped,1996-12-15,Clerk#000000155
2273,Committed,1997-01-19,Clerk#000000155
2273,Received,1997-04-01,Clerk#000000155
2274,Order Placed,1993-09-04,Clerk#000000258
2274,Shipped,1993-09-06,Clerk#000000258
2274,Committed,1993-11-03,Clerk#000000258
2274,Received,1993-11-05,Clerk#000000258
2275,Order Placed,1992-10-22,Clerk#000000206
2275,Committed,1992-11-21,Clerk#000000206
2275,Shipped,1993-01-10,Clerk#000000206
2275,Received,1993-01-25,Clerk#000000206
2276,Order Placed,1996-04-29,Clerk#000000821
2276,Shipped,1996-05-09,Clerk#000000821
2276,Committed,1996-06-10,Clerk#000000821
2276,Received,1996-08-16,Clerk#000000821
2277,Order Placed,1995-01-02,Clerk#000000385
2277,Shipped,1995-02-01,Clerk#000000385
2277,Committed,1995-02-04,Clerk#000000385
2277,Received,1995-05-20,Clerk#000000385
2278,Order Placed,1998-04-25,Clerk#000000186
2278,Shipped,1998-05-15,Clerk#000000186
2278,Committed,1998-06-06,Clerk#000000186
2278,Received,1998-09-05,Clerk#000000186
2279,Order Placed,1993-02-23,Clerk#000000898
2279,Shipped,1993-02-28,Clerk#000000898
2279,Committed,1993-03-25,Clerk#000000898
2279,Received,1993-06-26,Clerk#000000898
2304,Order Placed,1994-01-07,Clerk#000000415
2304,Shipped,1994-01-20,Clerk#000000415
2304,Committed,1994-02-16,Clerk#000000415
2304,Received,1994-03-20,Clerk#000000415
2305,Order Placed,1993-01-26,Clerk#000000440
2305,Shipped,1993-02-21,Clerk#000000440
2305,Committed,1993-02-28,Clerk#000000440
2305,Received,1993-06-09,Clerk#000000440
2306,Order Placed,1995-07-26,Clerk#000000975
2306,Shipped,1995-07-27,Clerk#000000975
2306,Committed,1995-08-25,Clerk#000000975
2306,Received,1995-11-30,Clerk#000000975
2307,Order Placed,1993-06-29,Clerk#000000952
2307,Shipped,1993-08-03,Clerk#000000952
2307,Committed,1993-08-05,Clerk#000000952
2307,Received,1993-11-09,Clerk#000000952
2308,Order Placed,1992-10-25,Clerk#000000609
2308,Shipped,1992-11-11,Clerk#000000609
2308,Committed,1992-11-27,Clerk#000000609
2308,Received,1993-03-10,Clerk#000000609
2309,Order Placed,1995-09-04,Clerk#000000803
2309,Shipped,1995-10-02,Clerk#000000803
2309,Committed,1995-10-10,Clerk#000000803
2309,Received,1996-01-23,Clerk#000000803
2310,Order Placed,1996-09-20,Clerk#000000917
2310,Shipped,1996-10-04,Clerk#000000917
2310,Committed,1996-10-28,Clerk#000000917
2310,Received,1996-12-07,Clerk#000000917
2311,Order Placed,1995-05-02,Clerk#000000761
2311,Shipped,1995-05-14,Clerk#000000761
2311,Committed,1995-06-06,Clerk#000000761
2311,Received,1995-07-26,Clerk#000000761
2336,Order Placed,1996-01-07,Clerk#000000902
2336,Committed,1996-02-25,Clerk#000000902
2336,Shipped,1996-03-12,Clerk#000000902
2336,Received,1996-03-18,Clerk#000000902
2337,Order Placed,1997-06-18,Clerk#000000754
2337,Shipped,1997-08-08,Clerk#000000754
2337,Committed,1997-08-15,Clerk#000000754
2337,Received,1997-08-31,Clerk#000000754
2338,Order Placed,1997-09-15,Clerk#000000951
2338,Committed,1997-10-15,Clerk#000000951
2338,Shipped,1997-12-10,Clerk#000000951
2338,Received,1997-12-11,Clerk#000000951
2339,Order Placed,1993-12-15,Clerk#000000847
2339,Shipped,1994-01-06,Clerk#000000847
2339,Committed,1994-01-22,Clerk#000000847
2339,Received,1994-03-20,Clerk#000000847
2340,Order Placed,1996-01-12,Clerk#000000964
2340,Shipped,1996-01-17,Clerk#000000964
2340,Committed,1996-02-24,Clerk#000000964
2340,Received,1996-05-16,Clerk#000000964
2341,Order Placed,1993-05-30,Clerk#000000443
2341,Shipped,1993-06-06,Clerk#000000443
2341,Committed,1993-07-08,Clerk#000000443
2341,Received,1993-10-14,Clerk#000000443
2342,Order Placed,1996-06-09,Clerk#000000615
2342,Committed,1996-07-18,Clerk#000000615
2342,Shipped,1996-07-31,Clerk#000000615
2342,Received,1996-10-28,Clerk#000000615
2343,Order Placed,1995-08-21,Clerk#000000170
2343,Shipped,1995-09-07,Clerk#000000170
2343,Committed,1995-10-26,Clerk#000000170
2343,Received,1995-12-10,Clerk#000000170
2368,Order Placed,1993-08-20,Clerk#000000830
2368,Shipped,1993-09-03,Clerk#000000830
2368,Committed,1993-09-20,Clerk#000000830
2368,Received,1993-11-06,Clerk#000000830
2369,Order Placed,1996-12-24,Clerk#000000752
2369,Shipped,1997-01-02,Clerk#000000752
2369,Committed,1997-02-12,Clerk#000000752
2369,Received,1997-05-21,Clerk#000000752
2370,Order Placed,1994-01-17,Clerk#000000231
2370,Shipped,1994-02-01,Clerk#000000231
2370,Committed,1994-02-19,Clerk#000000231
2370,Received,1994-06-12,Clerk#000000231
2371,Order Placed,1998-01-07,Clerk#000000028
2371,Committed,1998-02-06,Clerk#000000028
2371,Shipped,1998-02-11,Clerk#000000028
2371,Received,1998-04-27,Clerk#000000028
2372,Order Placed,1997-11-21,Clerk#000000342
2372,Shipped,1997-12-14,Clerk#000000342
2372,Committed,1997-12-21,Clerk#000000342
2372,Received,1998-04-12,Clerk#000000342
2373,Order Placed,1994-03-12,Clerk#000000306
2373,Shipped,1994-03-29,Clerk#000000306
2373,Committed,1994-05-03,Clerk#000000306
2373,Received,1994-06-21,Clerk#000000306
2374,Order Placed,1993-10-29,Clerk#000000081
2374,Shipped,1993-11-26,Clerk#000000081
2374,Committed,1993-12-11,Clerk#000000081
2374,Received,1994-03-15,Clerk#000000081
2375,Order Placed,1996-11-20,Clerk#000000197
2375,Shipped,1996-12-01,Clerk#000000197
2375,Committed,1996-12-25,Clerk#000000197
2375,Received,1997-03-29,Clerk#000000197
2400,Order Placed,1998-07-25,Clerk#000000782
2400,Shipped,1998-08-05,Clerk#000000782
2400,Committed,1998-08-28,Clerk#000000782
2400,Received,1998-11-03,Clerk#000000782
2401,Order Placed,1997-07-29,Clerk#000000531
2401,Shipped,1997-09-02,Clerk#000000531
2401,Committed,1997-09-11,Clerk#000000531
2401,Received,1997-10-17,Clerk#000000531
2402,Order Placed,1996-09-06,Clerk#000000162
2402,Shipped,1996-09-17,Clerk#000000162
2402,Committed,1996-10-19,Clerk#000000162
2402,Received,1996-11-29,Clerk#000000162
2403,Order Placed,1998-04-11,Clerk#000000820
2403,Shipped,1998-04-20,Clerk#000000820
2403,Committed,1998-06-17,Clerk#000000820
2403,Received,1998-08-20,Clerk#000000820
2404,Order Placed,1997-03-13,Clerk#000000409
2404,Shipped,1997-03-27,Clerk#000000409
2404,Committed,1997-05-03,Clerk#000000409
2404,Received,1997-07-12,Clerk#000000409
2405,Order Placed,1996-12-23,Clerk#000000535
2405,Shipped,1996-12-24,Clerk#000000535
2405,Committed,1997-01-29,Clerk#000000535
2405,Received,1997-04-14,Clerk#000000535
2406,Order Placed,1996-10-28,Clerk#000000561
2406,Shipped,1996-10-31,Clerk#000000561
2406,Committed,1996-11-28,Clerk#000000561
2406,Received,1997-02-19,Clerk#000000561
2407,Order Placed,1998-06-19,Clerk#000000068
2407,Shipped,1998-08-06,Clerk#000000068
2407,Committed,1998-08-11,Clerk#000000068
2407,Received,1998-10-27,Clerk#000000068
2432,Order Placed,1996-07-13,Clerk#000000115
2432,Shipped,1996-08-18,Clerk#000000115
2432,Committed,1996-09-04,Clerk#000000115
2432,Received,1996-11-13,Clerk#000000115
2433,Order Placed,1994-08-22,Clerk#000000324
2433,Committed,1994-09-23,Clerk#000000324
2433,Shipped,1994-10-15,Clerk#000000324
2433,Received,1994-12-15,Clerk#000000324
2434,Order Placed,1997-04-27,Clerk#000000190
2434,Committed,1997-05-28,Clerk#000000190
2434,Shipped,1997-06-10,Clerk#000000190
2434,Received,1997-08-27,Clerk#000000190
2435,Order Placed,1993-02-21,Clerk#000000112
2435,Shipped,1993-03-14,Clerk#000000112
2435,Committed,1993-03-25,Clerk#000000112
2435,Received,1993-06-29,Clerk#000000112
2436,Order Placed,1995-09-11,Clerk#000000549
2436,Shipped,1995-10-14,Clerk#000000549
2436,Committed,1995-10-22,Clerk#000000549
2436,Received,1995-11-24,Clerk#000000549
2437,Order Placed,1993-04-21,Clerk#000000578
2437,Shipped,1993-04-27,Clerk#000000578
2437,Committed,1993-05-22,Clerk#000000578
2437,Received,1993-08-29,Clerk#000000578
2438,Order Placed,1993-07-15,Clerk#000000744
2438,Shipped,1993-07-27,Clerk#000000744
2438,Committed,1993-08-17,Clerk#000000744
2438,Received,1993-11-22,Clerk#000000744
2439,Order Placed,1997-03-15,Clerk#000000819
2439,Shipped,1997-04-14,Clerk#000000819
2439,Committed,1997-04-26,Clerk#000000819
2439,Received,1997-06-07,Clerk#000000819
2464,Order Placed,1997-11-23,Clerk#000000633
2464,Shipped,1997-12-26,Clerk#000000633
2464,Committed,1997-12-29,Clerk#000000633
2464,Received,1998-02-16,Clerk#000000633
2465,Order Placed,1995-06-24,Clerk#000000078
2465,Committed,1995-08-04,Clerk#000000078
2465,Shipped,1995-08-16,Clerk#000000078
2465,Received,1995-11-07,Clerk#000000078
2466,Order Placed,1994-03-06,Clerk#000000424
2466,Shipped,1994-04-01,Clerk#000000424
2466,Committed,1994-04-06,Clerk#000000424
2466,Received,1994-07-12,Clerk#000000424
2467,Order Placed,1995-07-16,Clerk#000000914
2467,Shipped,1995-07-28,Clerk#000000914
2467,Received,1995-08-27,Clerk#000000914
2467,Committed,1995-10-04,Clerk#000000914
2468,Order Placed,1997-06-09,Clerk#000000260
2468,Shipped,1997-06-28,Clerk#000000260
2468,Committed,1997-08-02,Clerk#000000260
2468,Received,1997-10-09,Clerk#000000260
2469,Order Placed,1996-11-26,Clerk#000000730
2469,Shipped,1996-12-21,Clerk#000000730
2469,Committed,1996-12-26,Clerk#000000730
2469,Received,1997-04-13,Clerk#000000730
2470,Order Placed,1997-04-19,Clerk#000000452
2470,Committed,1997-05-24,Clerk#000000452
2470,Shipped,1997-06-02,Clerk#000000452
2470,Received,1997-08-14,Clerk#000000452
2471,Order Placed,1998-03-12,Clerk#000000860
2471,Committed,1998-04-17,Clerk#000000860
2471,Shipped,1998-05-28,Clerk#000000860
2471,Received,1998-06-08,Clerk#000000860
2496,Order Placed,1994-01-09,Clerk#000000142
2496,Shipped,1994-01-27,Clerk#000000142
2496,Committed,1994-02-18,Clerk#000000142
2496,Received,1994-04-23,Clerk#000000142
2497,Order Placed,1992-08-27,Clerk#000000977
2497,Shipped,1992-09-02,Clerk#000000977
2497,Committed,1992-09-30,Clerk#000000977
2497,Received,1993-01-18,Clerk#000000977
2498,Order Placed,1993-11-08,Clerk#000000373
2498,Shipped,1993-11-25,Clerk#000000373
2498,Received,1993-12-24,Clerk#000000373
2498,Committed,1994-01-09,Clerk#000000373
2499,Order Placed,1995-09-24,Clerk#000000277
2499,Shipped,1995-10-14,Clerk#000000277
2499,Committed,1995-10-27,Clerk#000000277
2499,Received,1996-01-19,Clerk#000000277
2500,Order Placed,1992-08-15,Clerk#000000447
2500,Shipped,1992-09-02,Clerk#000000447
2500,Committed,1992-09-30,Clerk#000000447
2500,Received,1992-10-29,Clerk#000000447
2501,Order Placed,1997-05-25,Clerk#000000144
2501,Committed,1997-07-01,Clerk#000000144
2501,Shipped,1997-07-14,Clerk#000000144
2501,Received,1997-10-03,Clerk#000000144
2502,Order Placed,1993-05-28,Clerk#000000914
2502,Committed,1993-07-22,Clerk#000000914
2502,Shipped,1993-08-12,Clerk#000000914
2502,Received,1993-09-04,Clerk#000000914
2503,Order Placed,1993-06-20,Clerk#000000294
2503,Shipped,1993-07-06,Clerk#000000294
2503,Committed,1993-07-24,Clerk#000000294
2503,Received,1993-10-16,Clerk#000000294
2528,Order Placed,1994-11-20,Clerk#000000789
2528,Shipped,1994-11-27,Clerk#000000789
2528,Committed,1994-12-29,Clerk#000000789
2528,Received,1995-01-15,Clerk#000000789
2529,Order Placed,1996-08-20,Clerk#000000511
2529,Shipped,1996-10-19,Clerk#000000511
2529,Received,1996-10-24,Clerk#000000511
2529,Committed,1996-11-18,Clerk#000000511
2530,Order Placed,1994-03-21,Clerk#000000291
2530,Shipped,1994-03-27,Clerk#000000291
2530,Committed,1994-04-30,Clerk#000000291
2530,Received,1994-05-24,Clerk#000000291
2531,Order Placed,1996-05-06,Clerk#000000095
2531,Shipped,1996-06-11,Clerk#000000095
2531,Committed,1996-06-20,Clerk#000000095
2531,Received,1996-08-10,Clerk#000000095
2532,Order Placed,1995-10-11,Clerk#000000498
2532,Shipped,1995-11-13,Clerk#000000498
2532,Committed,1995-11-23,Clerk#000000498
2532,Received,1996-01-29,Clerk#000000498
2533,Order Placed,1997-03-24,Clerk#000000594
2533,Committed,1997-04-26,Clerk#000000594
2533,Shipped,1997-05-10,Clerk#000000594
2533,Received,1997-08-03,Clerk#000000594
2534,Order Placed,1996-07-17,Clerk#000000332
2534,Shipped,1996-07-22,Clerk#000000332
2534,Committed,1996-08-20,Clerk#000000332
2534,Received,1996-11-05,Clerk#000000332
2535,Order Placed,1993-05-25,Clerk#000000296
2535,Shipped,1993-06-01,Clerk#000000296
2535,Committed,1993-07-25,Clerk#000000296
2535,Received,1993-09-29,Clerk#000000296
2560,Order Placed,1992-09-05,Clerk#000000538
2560,Shipped,1992-09-07,Clerk#000000538
2560,Committed,1992-10-14,Clerk#000000538
2560,Received,1992-12-30,Clerk#000000538
2561,Order Placed,1997-11-14,Clerk#000000861
2561,Shipped,1997-11-19,Clerk#000000861
2561,Committed,1997-12-16,Clerk#000000861
2561,Received,1998-03-27,Clerk#000000861
2562,Order Placed,1992-08-01,Clerk#000000467
2562,Committed,1992-09-18,Clerk#000000467
2562,Shipped,1992-10-04,Clerk#000000467
2562,Received,1992-12-19,Clerk#000000467
2563,Order Placed,1993-11-19,Clerk#000000150
2563,Committed,1993-12-19,Clerk#000000150
2563,Shipped,1993-12-27,Clerk#000000150
2563,Received,1994-04-13,Clerk#000000150
2564,Order Placed,1994-09-09,Clerk#000000718
2564,Committed,1994-10-29,Clerk#000000718
2564,Shipped,1994-11-12,Clerk#000000718
2564,Received,1994-12-04,Clerk#000000718
2565,Order Placed,1998-02-28,Clerk#000000032
2565,Shipped,1998-03-05,Clerk#000000032
2565,Committed,1998-04-02,Clerk#000000032
2565,Received,1998-07-13,Clerk#000000032
2566,Order Placed,1992-10-10,Clerk#000000414
2566,Shipped,1992-10-28,Clerk#000000414
2566,Committed,1992-11-20,Clerk#000000414
2566,Received,1992-12-29,Clerk#000000414
2567,Order Placed,1998-02-27,Clerk#000000031
2567,Shipped,1998-03-27,Clerk#000000031
2567,Committed,1998-04-14,Clerk#000000031
2567,Received,1998-06-14,Clerk#000000031
2592,Order Placed,1993-03-05,Clerk#000000524
2592,Shipped,1993-03-13,Clerk#000000524
2592,Committed,1993-04-05,Clerk#000000524
2592,Received,1993-04-16,Clerk#000000524
2593,Order Placed,1993-09-04,Clerk#000000468
2593,Shipped,1993-09-05,Clerk#000000468
2593,Committed,1993-10-04,Clerk#000000468
2593,Received,1994-01-04,Clerk#000000468
2594,Order Placed,1992-12-17,Clerk#000000550
2594,Shipped,1993-01-31,Clerk#000000550
2594,Committed,1993-03-01,Clerk#000000550
2594,Received,1993-04-24,Clerk#000000550
2595,Order Placed,1995-12-14,Clerk#000000222
2595,Shipped,1995-12-23,Clerk#000000222
2595,Committed,1996-01-28,Clerk#000000222
2595,Received,1996-04-10,Clerk#000000222
2596,Order Placed,1996-08-17,Clerk#000000242
2596,Shipped,1996-08-25,Clerk#000000242
2596,Committed,1996-10-26,Clerk#000000242
2596,Received,1996-12-29,Clerk#000000242
2597,Order Placed,1993-02-04,Clerk#000000757
2597,Committed,1993-03-06,Clerk#000000757
2597,Shipped,1993-05-15,Clerk#000000757
2597,Received,1993-05-25,Clerk#000000757
2598,Order Placed,1996-03-05,Clerk#000000391
2598,Shipped,1996-04-09,Clerk#000000391
2598,Committed,1996-04-12,Clerk#000000391
2598,Received,1996-06-24,Clerk#000000391
2599,Order Placed,1996-11-07,Clerk#000000722
2599,Shipped,1996-11-08,Clerk#000000722
2599,Committed,1996-12-10,Clerk#000000722
2599,Received,1997-02-27,Clerk#000000722
2624,Order Placed,1996-11-28,Clerk#000000930
2624,Committed,1997-02-19,Clerk#000000930
2624,Shipped,1997-02-24,Clerk#000000930
2624,Received,1997-03-21,Clerk#000000930
2625,Order Placed,1992-10-14,Clerk#000000386
2625,Shipped,1992-10-18,Clerk#000000386
2625,Received,1992-10-23,Clerk#000000386
2625,Committed,1992-11-17,Clerk#000000386
2626,Order Placed,1995-09-08,Clerk#000000289
2626,Shipped,1995-09-28,Clerk#000000289
2626,Committed,1995-11-01,Clerk#000000289
2626,Received,1995-11-23,Clerk#000000289
2627,Order Placed,1992-03-24,Clerk#000000181
2627,Committed,1992-05-09,Clerk#000000181
2627,Shipped,1992-05-14,Clerk#000000181
2627,Received,1992-05-31,Clerk#000000181
2628,Order Placed,1993-10-22,Clerk#000000836
2628,Shipped,1993-10-27,Clerk#000000836
2628,Committed,1993-11-30,Clerk#000000836
2628,Received,1994-02-20,Clerk#000000836
2629,Order Placed,1998-04-06,Clerk#000000680
2629,Committed,1998-05-14,Clerk#000000680
2629,Shipped,1998-05-24,Clerk#000000680
2629,Received,1998-07-12,Clerk#000000680
2630,Order Placed,1992-10-24,Clerk#000000712
2630,Shipped,1992-11-05,Clerk#000000712
2630,Committed,1992-12-17,Clerk#000000712
2630,Received,1993-01-09,Clerk#000000712
2631,Order Placed,1993-09-24,Clerk#000000833
2631,Shipped,1993-09-30,Clerk#000000833
2631,Committed,1993-11-06,Clerk#000000833
2631,Received,1994-01-16,Clerk#000000833
2656,Order Placed,1993-05-04,Clerk#000000307
2656,Committed,1993-06-04,Clerk#000000307
2656,Shipped,1993-06-09,Clerk#000000307
2656,Received,1993-08-20,Clerk#000000307
2657,Order Placed,1995-10-17,Clerk#000000160
2657,Shipped,1995-10-21,Clerk#000000160
2657,Committed,1995-11-22,Clerk#000000160
2657,Received,1996-01-25,Clerk#000000160
2658,Order Placed,1995-09-23,Clerk#000000400
2658,Shipped,1995-09-26,Clerk#000000400
2658,Committed,1995-11-03,Clerk#000000400
2658,Received,1995-12-26,Clerk#000000400
2659,Order Placed,1993-12-18,Clerk#000000758
2659,Shipped,1993-12-23,Clerk#000000758
2659,Committed,1994-01-24,Clerk#000000758
2659,Received,1994-04-05,Clerk#000000758
2660,Order Placed,1995-08-05,Clerk#000000480
2660,Shipped,1995-08-18,Clerk#000000480
2660,Committed,1995-09-13,Clerk#000000480
2660,Received,1995-09-17,Clerk#000000480
2661,Order Placed,1997-01-04,Clerk#000000217
2661,Committed,1997-02-11,Clerk#000000217
2661,Shipped,1997-03-06,Clerk#000000217
2661,Received,1997-05-05,Clerk#000000217
2662,Order Placed,1996-08-21,Clerk#000000589
2662,Shipped,1996-09-10,Clerk#000000589
2662,Committed,1996-09-20,Clerk#000000589
2662,Received,1996-12-08,Clerk#000000589
2663,Order Placed,1995-09-06,Clerk#000000950
2663,Committed,1995-10-16,Clerk#000000950
2663,Shipped,1995-12-11,Clerk#000000950
2663,Received,1996-01-07,Clerk#000000950
2688,Order Placed,1992-01-24,Clerk#000000720
2688,Shipped,1992-02-04,Clerk#000000720
2688,Committed,1992-03-18,Clerk#000000720
2688,Received,1992-05-28,Clerk#000000720
2689,Order Placed,1992-04-09,Clerk#000000698
2689,Shipped,1992-04-29,Clerk#000000698
2689,Received,1992-04-30,Clerk#000000698
2689,Committed,1992-06-22,Clerk#000000698
2690,Order Placed,1996-03-31,Clerk#000000760
2690,Committed,1996-05-14,Clerk#000000760
2690,Shipped,1996-05-20,Clerk#000000760
2690,Received,1996-08-03,Clerk#000000760
2691,Order Placed,1992-04-30,Clerk#000000439
2691,Shipped,1992-05-10,Clerk#000000439
2691,Committed,1992-06-04,Clerk#000000439
2691,Received,1992-08-16,Clerk#000000439
2692,Order Placed,1997-12-02,Clerk#000000878
2692,Committed,1998-01-29,Clerk#000000878
2692,Shipped,1998-02-25,Clerk#000000878
2692,Received,1998-03-27,Clerk#000000878
2693,Order Placed,1996-09-04,Clerk#000000370
2693,Shipped,1996-09-14,Clerk#000000370
2693,Committed,1996-10-07,Clerk#000000370
2693,Received,1996-11-03,Clerk#000000370
2694,Order Placed,1996-03-14,Clerk#000000722
2694,Committed,1996-04-22,Clerk#000000722
2694,Shipped,1996-04-24,Clerk#000000722
2694,Received,1996-07-25,Clerk#000000722
2695,Order Placed,1996-08-20,Clerk#000000697
2695,Shipped,1996-09-13,Clerk#000000697
2695,Committed,1996-09-25,Clerk#000000697
2695,Received,1996-11-22,Clerk#000000697
2720,Order Placed,1993-06-08,Clerk#000000948
2720,Shipped,1993-06-24,Clerk#000000948
2720,Committed,1993-07-14,Clerk#000000948
2720,Received,1993-09-06,Clerk#000000948
2721,Order Placed,1996-01-27,Clerk#000000401
2721,Shipped,1996-02-13,Clerk#000000401
2721,Received,1996-03-02,Clerk#000000401
2721,Committed,1996-03-14,Clerk#000000401
2722,Order Placed,1994-04-09,Clerk#000000638
2722,Shipped,1994-05-25,Clerk#000000638
2722,Committed,1994-06-01,Clerk#000000638
2722,Received,1994-08-09,Clerk#000000638
2723,Order Placed,1995-10-06,Clerk#000000836
2723,Shipped,1995-11-09,Clerk#000000836
2723,Committed,1995-11-10,Clerk#000000836
2723,Received,1996-01-17,Clerk#000000836
2724,Order Placed,1994-09-14,Clerk#000000217
2724,Shipped,1994-09-19,Clerk#000000217
2724,Committed,1994-10-15,Clerk#000000217
2724,Received,1995-02-04,Clerk#000000217
2725,Order Placed,1994-05-21,Clerk#000000835
2725,Committed,1994-06-22,Clerk#000000835
2725,Shipped,1994-07-05,Clerk#000000835
2725,Received,1994-08-28,Clerk#000000835
2726,Order Placed,1992-11-27,Clerk#000000470
2726,Committed,1993-01-29,Clerk#000000470
2726,Shipped,1993-03-04,Clerk#000000470
2726,Received,1993-03-28,Clerk#000000470
2727,Order Placed,1998-04-19,Clerk#000000879
2727,Committed,1998-06-06,Clerk#000000879
2727,Shipped,1998-06-18,Clerk#000000879
2727,Received,1998-06-23,Clerk#000000879
2752,Order Placed,1993-11-19,Clerk#000000648
2752,Shipped,1993-12-14,Clerk#000000648
2752,Committed,1993-12-23,Clerk#000000648
2752,Received,1994-04-01,Clerk#000000648
2753,Order Placed,1993-11-30,Clerk#000000380
2753,Shipped,1993-12-30,Clerk#000000380
2753,Committed,1994-01-03,Clerk#000000380
2753,Received,1994-04-03,Clerk#000000380
2754,Order Placed,1994-04-03,Clerk#000000960
2754,Committed,1994-05-06,Clerk#000000960
2754,Shipped,1994-06-27,Clerk#000000960
2754,Received,1994-08-02,Clerk#000000960
2755,Order Placed,1992-02-07,Clerk#000000177
2755,Shipped,1992-02-11,Clerk#000000177
2755,Committed,1992-03-10,Clerk#000000177
2755,Received,1992-04-21,Clerk#000000177
2756,Order Placed,1994-04-18,Clerk#000000537
2756,Shipped,1994-05-10,Clerk#000000537
2756,Committed,1994-05-25,Clerk#000000537
2756,Received,1994-08-22,Clerk#000000537
2757,Order Placed,1995-07-20,Clerk#000000216
2757,Shipped,1995-08-01,Clerk#000000216
2757,Committed,1995-08-24,Clerk#000000216
2757,Received,1995-11-23,Clerk#000000216
2758,Order Placed,1998-07-12,Clerk#000000863
2758,Shipped,1998-07-27,Clerk#000000863
2758,Committed,1998-09-10,Clerk#000000863
2758,Received,1998-10-25,Clerk#000000863
2759,Order Placed,1993-11-25,Clerk#000000071
2759,Shipped,1993-12-14,Clerk#000000071
2759,Committed,1994-01-08,Clerk#000000071
2759,Received,1994-03-18,Clerk#000000071
2784,Order Placed,1998-01-07,Clerk#000000540
2784,Shipped,1998-01-19,Clerk#000000540
2784,Committed,1998-02-07,Clerk#000000540
2784,Received,1998-05-03,Clerk#000000540
2785,Order Placed,1995-07-21,Clerk#000000098
2785,Shipped,1995-07-25,Clerk#000000098
2785,Committed,1995-08-24,Clerk#000000098
2785,Received,1995-11-02,Clerk#000000098
2786,Order Placed,1992-03-22,Clerk#000000976
2786,Shipped,1992-04-04,Clerk#000000976
2786,Committed,1992-04-22,Clerk#000000976
2786,Received,1992-07-13,Clerk#000000976
2787,Order Placed,1995-09-30,Clerk#000000906
2787,Committed,1995-11-26,Clerk#000000906
2787,Shipped,1996-01-26,Clerk#000000906
2787,Received,1996-02-20,Clerk#000000906
2788,Order Placed,1994-09-22,Clerk#000000641
2788,Shipped,1994-10-04,Clerk#000000641
2788,Received,1994-10-18,Clerk#000000641
2788,Committed,1994-11-25,Clerk#000000641
2789,Order Placed,1998-03-14,Clerk#000000972
2789,Shipped,1998-03-20,Clerk#000000972
2789,Committed,1998-05-02,Clerk#000000972
2789,Received,1998-05-24,Clerk#000000972
2790,Order Placed,1994-08-19,Clerk#000000679
2790,Shipped,1994-09-04,Clerk#000000679
2790,Committed,1994-09-27,Clerk#000000679
2790,Received,1994-12-25,Clerk#000000679
2791,Order Placed,1994-10-10,Clerk#000000662
2791,Committed,1994-11-10,Clerk#000000662
2791,Shipped,1994-11-17,Clerk#000000662
2791,Received,1995-02-23,Clerk#000000662
2816,Order Placed,1994-09-20,Clerk#000000289
2816,Shipped,1994-10-19,Clerk#000000289
2816,Committed,1994-11-10,Clerk#000000289
2816,Received,1995-01-03,Clerk#000000289
2817,Order Placed,1994-04-19,Clerk#000000982
2817,Shipped,1994-04-21,Clerk#000000982
2817,Committed,1994-05-31,Clerk#000000982
2817,Received,1994-06-10,Clerk#000000982
2818,Order Placed,1994-12-12,Clerk#000000413
2818,Shipped,1995-02-01,Clerk#000000413
2818,Committed,1995-02-11,Clerk#000000413
2818,Received,1995-04-06,Clerk#000000413
2819,Order Placed,1994-05-05,Clerk#000000769
2819,Shipped,1994-05-09,Clerk#000000769
2819,Committed,1994-06-12,Clerk#000000769
2819,Received,1994-07-29,Clerk#000000769
2820,Order Placed,1994-05-20,Clerk#000000807
2820,Shipped,1994-07-07,Clerk#000000807
2820,Committed,1994-07-30,Clerk#000000807
2820,Received,1994-10-07,Clerk#000000807
2821,Order Placed,1993-08-09,Clerk#000000323
2821,Shipped,1993-09-15,Clerk#000000323
2821,Committed,1993-09-20,Clerk#000000323
2821,Received,1993-12-08,Clerk#000000323
2822,Order Placed,1993-07-26,Clerk#000000510
2822,Committed,1993-08-29,Clerk#000000510
2822,Shipped,1993-09-11,Clerk#000000510
2822,Received,1993-09-18,Clerk#000000510
2823,Order Placed,1995-09-09,Clerk#000000567
2823,Committed,1995-10-30,Clerk#000000567
2823,Shipped,1995-11-09,Clerk#000000567
2823,Received,1996-01-13,Clerk#000000567
2848,Order Placed,1992-03-10,Clerk#000000256
2848,Shipped,1992-03-15,Clerk#000000256
2848,Committed,1992-04-12,Clerk#000000256
2848,Received,1992-07-09,Clerk#000000256
2849,Order Placed,1996-04-30,Clerk#000000659
2849,Shipped,1996-05-03,Clerk#000000659
2849,Committed,1996-06-05,Clerk#000000659
2849,Received,1996-09-03,Clerk#000000659
2850,Order Placed,1996-10-02,Clerk#000000392
2850,Shipped,1996-10-07,Clerk#000000392
2850,Committed,1996-11-03,Clerk#000000392
2850,Received,1997-02-01,Clerk#000000392
2851,Order Placed,1997-09-07,Clerk#000000566
2851,Shipped,1997-11-12,Clerk#000000566
2851,Committed,1997-11-22,Clerk#000000566
2851,Received,1997-12-11,Clerk#000000566
2852,Order Placed,1993-01-16,Clerk#000000740
2852,Shipped,1993-01-18,Clerk#000000740
2852,Committed,1993-03-13,Clerk#000000740
2852,Received,1993-05-02,Clerk#000000740
2853,Order Placed,1994-05-05,Clerk#000000878
2853,Shipped,1994-05-16,Clerk#000000878
2853,Committed,1994-06-05,Clerk#000000878
2853,Received,1994-09-12,Clerk#000000878
2854,Order Placed,1994-06-27,Clerk#000000010
2854,Shipped,1994-07-06,Clerk#000000010
2854,Committed,1994-08-02,Clerk#000000010
2854,Received,1994-10-12,Clerk#000000010
2855,Order Placed,1993-04-04,Clerk#000000973
2855,Shipped,1993-05-20,Clerk#000000973
2855,Received,1993-06-16,Clerk#000000973
2855,Committed,1993-06-28,Clerk#000000973
2880,Order Placed,1992-03-15,Clerk#000000756
2880,Shipped,1992-04-12,Clerk#000000756
2880,Committed,1992-04-15,Clerk#000000756
2880,Received,1992-07-11,Clerk#000000756
2881,Order Placed,1992-05-10,Clerk#000000864
2881,Shipped,1992-05-13,Clerk#000000864
2881,Committed,1992-06-27,Clerk#000000864
2881,Received,1992-08-27,Clerk#000000864
2882,Order Placed,1995-08-22,Clerk#000000891
2882,Shipped,1995-09-04,Clerk#000000891
2882,Committed,1995-09-21,Clerk#000000891
2882,Received,1995-11-01,Clerk#000000891
2883,Order Placed,1995-01-23,Clerk#000000180
2883,Shipped,1995-01-29,Clerk#000000180
2883,Committed,1995-03-04,Clerk#000000180
2883,Received,1995-05-30,Clerk#000000180
2884,Order Placed,1997-10-12,Clerk#000000780
2884,Committed,1997-11-28,Clerk#000000780
2884,Shipped,1997-11-30,Clerk#000000780
2884,Received,1998-02-16,Clerk#000000780
2885,Order Placed,1992-09-19,Clerk#000000280
2885,Shipped,1992-09-23,Clerk#000000280
2885,Committed,1992-10-30,Clerk#000000280
2885,Received,1993-02-05,Clerk#000000280
2886,Order Placed,1994-11-13,Clerk#000000619
2886,Shipped,1994-11-18,Clerk#000000619
2886,Committed,1994-12-18,Clerk#000000619
2886,Received,1995-02-28,Clerk#000000619
2887,Order Placed,1997-05-26,Clerk#000000566
2887,Committed,1997-07-04,Clerk#000000566
2887,Shipped,1997-07-08,Clerk#000000566
2887,Received,1997-09-17,Clerk#000000566
2912,Order Placed,1992-03-12,Clerk#000000186
2912,Shipped,1992-03-13,Clerk#000000186
2912,Committed,1992-04-19,Clerk#000000186
2912,Received,1992-04-26,Clerk#000000186
2913,Order Placed,1997-07-12,Clerk#000000118
2913,Committed,1997-08-11,Clerk#000000118
2913,Shipped,1997-08-28,Clerk#000000118
2913,Received,1997-11-20,Clerk#000000118
2914,Order Placed,1993-03-03,Clerk#000000543
2914,Committed,1993-04-04,Clerk#000000543
2914,Shipped,1993-05-11,Clerk#000000543
2914,Received,1993-06-19,Clerk#000000543
2915,Order Placed,1994-03-31,Clerk#000000410
2915,Shipped,1994-04-17,Clerk#000000410
2915,Committed,1994-05-24,Clerk#000000410
2915,Received,1994-07-27,Clerk#000000410
2916,Order Placed,1995-12-27,Clerk#000000681
2916,Committed,1996-02-21,Clerk#000000681
2916,Shipped,1996-03-11,Clerk#000000681
2916,Received,1996-03-30,Clerk#000000681
2917,Order Placed,1997-12-09,Clerk#000000061
2917,Shipped,1997-12-12,Clerk#000000061
2917,Committed,1998-01-18,Clerk#000000061
2917,Received,1998-05-01,Clerk#000000061
2918,Order Placed,1996-09-08,Clerk#000000439
2918,Committed,1996-10-28,Clerk#000000439
2918,Shipped,1996-12-20,Clerk#000000439
2918,Received,1996-12-26,Clerk#000000439
2919,Order Placed,1993-12-10,Clerk#000000209
2919,Shipped,1993-12-16,Clerk#000000209
2919,Committed,1994-01-12,Clerk#000000209
2919,Received,1994-04-07,Clerk#000000209
2944,Order Placed,1997-09-24,Clerk#000000740
2944,Shipped,1997-10-18,Clerk#000000740
2944,Committed,1997-10-26,Clerk#000000740
2944,Received,1998-01-27,Clerk#000000740
2945,Order Placed,1996-01-03,Clerk#000000499
2945,Shipped,1996-01-05,Clerk#000000499
2945,Committed,1996-02-11,Clerk#000000499
2945,Received,1996-04-15,Clerk#000000499
2946,Order Placed,1996-02-05,Clerk#000000329
2946,Shipped,1996-03-15,Clerk#000000329
2946,Committed,1996-03-31,Clerk#000000329
2946,Received,1996-06-16,Clerk#000000329
2947,Order Placed,1995-04-26,Clerk#000000464
2947,Shipped,1995-06-07,Clerk#000000464
2947,Committed,1995-06-26,Clerk#000000464
2947,Received,1995-08-20,Clerk#000000464
2948,Order Placed,1994-08-23,Clerk#000000701
2948,Shipped,1994-08-29,Clerk#000000701
2948,Committed,1994-10-23,Clerk#000000701
2948,Received,1995-01-07,Clerk#000000701
2949,Order Placed,1994-04-12,Clerk#000000184
2949,Shipped,1994-05-22,Clerk#000000184
2949,Committed,1994-05-25,Clerk#000000184
2949,Received,1994-08-17,Clerk#000000184
2950,Order Placed,1997-07-06,Clerk#000000833
2950,Shipped,1997-07-15,Clerk#000000833
2950,Committed,1997-08-05,Clerk#000000833
2950,Received,1997-10-08,Clerk#000000833
2951,Order Placed,1996-02-06,Clerk#000000680
2951,Shipped,1996-03-24,Clerk#000000680
2951,Committed,1996-04-16,Clerk#000000680
2951,Received,1996-05-22,Clerk#000000680
2976,Order Placed,1993-12-10,Clerk#000000159
2976,Shipped,1993-12-19,Clerk#000000159
2976,Committed,1994-01-26,Clerk#000000159
2976,Received,1994-04-26,Clerk#000000159
2977,Order Placed,1996-08-27,Clerk#000000252
2977,Shipped,1996-09-21,Clerk#000000252
2977,Committed,1996-10-06,Clerk#000000252
2977,Received,1996-10-13,Clerk#000000252
2978,Order Placed,1995-05-03,Clerk#000000135
2978,Shipped,1995-05-06,Clerk#000000135
2978,Committed,1995-07-03,Clerk#000000135
2978,Received,1995-09-07,Clerk#000000135
2979,Order Placed,1996-03-23,Clerk#000000820
2979,Shipped,1996-03-25,Clerk#000000820
2979,Committed,1996-04-23,Clerk#000000820
2979,Received,1996-07-06,Clerk#000000820
2980,Order Placed,1996-09-14,Clerk#000000661
2980,Shipped,1996-09-25,Clerk#000000661
2980,Committed,1996-10-22,Clerk#000000661
2980,Received,1997-01-14,Clerk#000000661
2981,Order Placed,1998-07-29,Clerk#000000299
2981,Shipped,1998-08-21,Clerk#000000299
2981,Committed,1998-09-28,Clerk#000000299
2981,Received,1998-10-21,Clerk#000000299
2982,Order Placed,1995-03-19,Clerk#000000402
2982,Shipped,1995-03-31,Clerk#000000402
2982,Received,1995-04-28,Clerk#000000402
2982,Committed,1995-05-07,Clerk#000000402
2983,Order Placed,1992-01-07,Clerk#000000278
2983,Shipped,1992-02-09,Clerk#000000278
2983,Committed,1992-02-27,Clerk#000000278
2983,Received,1992-05-26,Clerk#000000278
3008,Order Placed,1995-11-08,Clerk#000000701
3008,Shipped,1995-12-01,Clerk#000000701
3008,Committed,1995-12-11,Clerk#000000701
3008,Received,1996-02-09,Clerk#000000701
3009,Order Placed,1997-02-28,Clerk#000000205
3009,Shipped,1997-03-19,Clerk#000000205
3009,Committed,1997-04-10,Clerk#000000205
3009,Received,1997-06-13,Clerk#000000205
3010,Order Placed,1996-01-26,Clerk#000000931
3010,Committed,1996-02-29,Clerk#000000931
3010,Shipped,1996-03-05,Clerk#000000931
3010,Received,1996-05-18,Clerk#000000931
3011,Order Placed,1992-01-14,Clerk#000000515
3011,Shipped,1992-02-01,Clerk#000000515
3011,Committed,1992-02-23,Clerk#000000515
3011,Received,1992-05-15,Clerk#000000515
3012,Order Placed,1993-05-05,Clerk#000000414
3012,Committed,1993-06-07,Clerk#000000414
3012,Shipped,1993-08-07,Clerk#000000414
3012,Received,1993-08-24,Clerk#000000414
3013,Order Placed,1997-02-05,Clerk#000000591
3013,Shipped,1997-02-26,Clerk#000000591
3013,Committed,1997-03-09,Clerk#000000591
3013,Received,1997-05-25,Clerk#000000591
3014,Order Placed,1992-10-30,Clerk#000000476
3014,Shipped,1992-11-16,Clerk#000000476
3014,Committed,1992-12-18,Clerk#000000476
3014,Received,1993-03-20,Clerk#000000476
3015,Order Placed,1992-09-27,Clerk#000000013
3015,Shipped,1992-10-10,Clerk#000000013
3015,Committed,1992-11-07,Clerk#000000013
3015,Received,1993-02-11,Clerk#000000013
3040,Order Placed,1993-04-12,Clerk#000000544
3040,Shipped,1993-05-13,Clerk#000000544
3040,Committed,1993-05-16,Clerk#000000544
3040,Received,1993-08-19,Clerk#000000544
3041,Order Placed,1997-06-03,Clerk#000000092
3041,Shipped,1997-06-29,Clerk#000000092
3041,Committed,1997-07-15,Clerk#000000092
3041,Received,1997-09-16,Clerk#000000092
3042,Order Placed,1994-11-21,Clerk#000000573
3042,Shipped,1994-11-24,Clerk#000000573
3042,Committed,1995-01-02,Clerk#000000573
3042,Received,1995-03-17,Clerk#000000573
3043,Order Placed,1992-04-25,Clerk#000000137
3043,Shipped,1992-05-08,Clerk#000000137
3043,Committed,1992-06-03,Clerk#000000137
3043,Received,1992-07-23,Clerk#000000137
3044,Order Placed,1996-04-03,Clerk#000000008
3044,Committed,1996-05-06,Clerk#000000008
3044,Shipped,1996-05-24,Clerk#000000008
3044,Received,1996-08-15,Clerk#000000008
3045,Order Placed,1995-09-27,Clerk#000000405
3045,Shipped,1995-09-30,Clerk#000000405
3045,Received,1995-10-10,Clerk#000000405
3045,Committed,1995-11-24,Clerk#000000405
3046,Order Placed,1995-11-30,Clerk#000000522
3046,Committed,1996-01-30,Clerk#000000522
3046,Shipped,1996-03-03,Clerk#000000522
3046,Received,1996-04-07,Clerk#000000522
3047,Order Placed,1997-03-21,Clerk#000000962
3047,Committed,1997-04-20,Clerk#000000962
3047,Shipped,1997-05-20,Clerk#000000962
3047,Received,1997-06-23,Clerk#000000962
3072,Order Placed,1994-01-30,Clerk#000000370
3072,Shipped,1994-02-09,Clerk#000000370
3072,Committed,1994-03-14,Clerk#000000370
3072,Received,1994-06-14,Clerk#000000370
3073,Order Placed,1994-01-08,Clerk#000000404
3073,Shipped,1994-02-11,Clerk#000000404
3073,Committed,1994-02-12,Clerk#000000404
3073,Received,1994-05-12,Clerk#000000404
3074,Order Placed,1992-11-01,Clerk#000000546
3074,Shipped,1992-12-08,Clerk#000000546
3074,Committed,1992-12-15,Clerk#000000546
3074,Received,1993-02-20,Clerk#000000546
3075,Order Placed,1994-05-07,Clerk#000000433
3075,Committed,1994-06-10,Clerk#000000433
3075,Shipped,1994-06-10,Clerk#000000433
3075,Received,1994-06-25,Clerk#000000433
3076,Order Placed,1993-07-23,Clerk#000000099
3076,Shipped,1993-08-10,Clerk#000000099
3076,Committed,1993-09-10,Clerk#000000099
3076,Received,1993-09-27,Clerk#000000099
3077,Order Placed,1997-08-06,Clerk#000000228
3077,Shipped,1997-09-09,Clerk#000000228
3077,Committed,1997-09-16,Clerk#000000228
3077,Received,1997-11-20,Clerk#000000228
3078,Order Placed,1993-02-12,Clerk#000000110
3078,Shipped,1993-03-20,Clerk#000000110
3078,Committed,1993-03-21,Clerk#000000110
3078,Received,1993-04-28,Clerk#000000110
3079,Order Placed,1997-09-12,Clerk#000000505
3079,Shipped,1997-09-26,Clerk#000000505
3079,Committed,1997-10-25,Clerk#000000505
3079,Received,1998-01-28,Clerk#000000505
3104,Order Placed,1993-09-16,Clerk#000000871
3104,Shipped,1993-10-05,Clerk#000000871
3104,Committed,1993-11-02,Clerk#000000871
3104,Received,1994-01-31,Clerk#000000871
3105,Order Placed,1996-11-13,Clerk#000000772
3105,Committed,1996-12-14,Clerk#000000772
3105,Shipped,1996-12-25,Clerk#000000772
3105,Received,1997-03-18,Clerk#000000772
3106,Order Placed,1997-01-12,Clerk#000000729
3106,Shipped,1997-02-02,Clerk#000000729
3106,Committed,1997-02-12,Clerk#000000729
3106,Received,1997-04-22,Clerk#000000729
3107,Order Placed,1997-08-21,Clerk#000000669
3107,Shipped,1997-08-27,Clerk#000000669
3107,Committed,1997-10-20,Clerk#000000669
3107,Received,1997-12-14,Clerk#000000669
3108,Order Placed,1993-08-05,Clerk#000000574
3108,Committed,1993-10-01,Clerk#000000574
3108,Shipped,1993-10-16,Clerk#000000574
3108,Received,1993-12-09,Clerk#000000574
3109,Order Placed,1993-07-24,Clerk#000000936
3109,Shipped,1993-09-05,Clerk#000000936
3109,Committed,1993-09-06,Clerk#000000936
3109,Received,1993-12-06,Clerk#000000936
3110,Order Placed,1994-12-17,Clerk#000000564
3110,Shipped,1995-01-10,Clerk#000000564
3110,Committed,1995-01-20,Clerk#000000564
3110,Received,1995-04-21,Clerk#000000564
3111,Order Placed,1995-08-25,Clerk#000000922
3111,Shipped,1995-08-30,Clerk#000000922
3111,Committed,1995-09-26,Clerk#000000922
3111,Received,1995-12-04,Clerk#000000922
3136,Order Placed,1994-08-10,Clerk#000000891
3136,Shipped,1994-08-13,Clerk#000000891
3136,Committed,1994-09-14,Clerk#000000891
3136,Received,1994-12-14,Clerk#000000891
3137,Order Placed,1995-07-26,Clerk#000000063
3137,Committed,1995-09-11,Clerk#000000063
3137,Shipped,1995-09-19,Clerk#000000063
3137,Received,1995-10-30,Clerk#000000063
3138,Order Placed,1994-02-09,Clerk#000000650
3138,Shipped,1994-02-21,Clerk#000000650
3138,Committed,1994-03-14,Clerk#000000650
3138,Received,1994-06-17,Clerk#000000650
3139,Order Placed,1992-01-02,Clerk#000000855
3139,Committed,1992-03-04,Clerk#000000855
3139,Shipped,1992-04-28,Clerk#000000855
3139,Received,1992-05-19,Clerk#000000855
3140,Order Placed,1992-04-09,Clerk#000000670
3140,Shipped,1992-04-12,Clerk#000000670
3140,Committed,1992-05-09,Clerk#000000670
3140,Received,1992-07-08,Clerk#000000670
3141,Order Placed,1995-11-10,Clerk#000000475
3141,Shipped,1995-11-11,Clerk#000000475
3141,Committed,1995-12-10,Clerk#000000475
3141,Received,1996-01-27,Clerk#000000475
3142,Order Placed,1992-06-28,Clerk#000000043
3142,Shipped,1992-08-15,Clerk#000000043
3142,Committed,1992-08-18,Clerk#000000043
3142,Received,1992-08-22,Clerk#000000043
3143,Order Placed,1993-02-17,Clerk#000000519
3143,Shipped,1993-03-18,Clerk#000000519
3143,Committed,1993-03-21,Clerk#000000519
3143,Received,1993-05-20,Clerk#000000519
3168,Order Placed,1992-01-30,Clerk#000000352
3168,Shipped,1992-02-14,Clerk#000000352
3168,Committed,1992-03-02,Clerk#000000352
3168,Received,1992-06-09,Clerk#000000352
3169,Order Placed,1993-12-21,Clerk#000000252
3169,Shipped,1994-01-05,Clerk#000000252
3169,Committed,1994-01-21,Clerk#000000252
3169,Received,1994-05-08,Clerk#000000252
3170,Order Placed,1997-11-09,Clerk#000000288
3170,Shipped,1997-11-24,Clerk#000000288
3170,Committed,1997-12-12,Clerk#000000288
3170,Received,1998-02-28,Clerk#000000288
3171,Order Placed,1993-04-06,Clerk#000000940
3171,Committed,1993-05-15,Clerk#000000940
3171,Shipped,1993-05-30,Clerk#000000940
3171,Received,1993-07-31,Clerk#000000940
3172,Order Placed,1992-06-03,Clerk#000000771
3172,Shipped,1992-07-06,Clerk#000000771
3172,Committed,1992-07-07,Clerk#000000771
3172,Received,1992-10-20,Clerk#000000771
3173,Order Placed,1996-08-10,Clerk#000000516
3173,Shipped,1996-08-12,Clerk#000000516
3173,Committed,1996-09-17,Clerk#000000516
3173,Received,1996-12-07,Clerk#000000516
3174,Order Placed,1995-11-15,Clerk#000000663
3174,Shipped,1995-11-17,Clerk#000000663
3174,Committed,1995-12-28,Clerk#000000663
3174,Received,1996-03-22,Clerk#000000663
3175,Order Placed,1994-07-15,Clerk#000000629
3175,Shipped,1994-08-08,Clerk#000000629
3175,Committed,1994-08-25,Clerk#000000629
3175,Received,1994-11-15,Clerk#000000629
3200,Order Placed,1996-02-07,Clerk#000000020
3200,Shipped,1996-02-08,Clerk#000000020
3200,Committed,1996-03-13,Clerk#000000020
3200,Received,1996-06-14,Clerk#000000020
3201,Order Placed,1993-07-02,Clerk#000000738
3201,Committed,1993-08-24,Clerk#000000738
3201,Shipped,1993-08-31,Clerk#000000738
3201,Received,1993-11-16,Clerk#000000738
3202,Order Placed,1992-12-24,Clerk#000000067
3202,Committed,1993-02-16,Clerk#000000067
3202,Shipped,1993-02-16,Clerk#000000067
3202,Received,1993-03-23,Clerk#000000067
3203,Order Placed,1997-11-05,Clerk#000000493
3203,Committed,1998-01-01,Clerk#000000493
3203,Shipped,1998-01-04,Clerk#000000493
3203,Received,1998-02-18,Clerk#000000493
3204,Order Placed,1992-12-26,Clerk#000000693
3204,Shipped,1993-01-27,Clerk#000000693
3204,Received,1993-02-28,Clerk#000000693
3204,Committed,1993-03-08,Clerk#000000693
3205,Order Placed,1992-04-11,Clerk#000000803
3205,Shipped,1992-05-28,Clerk#000000803
3205,Committed,1992-05-30,Clerk#000000803
3205,Received,1992-08-20,Clerk#000000803
3206,Order Placed,1996-08-09,Clerk#000000755
3206,Shipped,1996-08-25,Clerk#000000755
3206,Committed,1996-10-01,Clerk#000000755
3206,Received,1996-12-07,Clerk#000000755
3207,Order Placed,1998-02-16,Clerk#000000695
3207,Shipped,1998-03-27,Clerk#000000695
3207,Committed,1998-04-06,Clerk#000000695
3207,Received,1998-07-11,Clerk#000000695
3232,Order Placed,1992-10-09,Clerk#000000314
3232,Committed,1992-11-14,Clerk#000000314
3232,Shipped,1992-11-30,Clerk#000000314
3232,Received,1993-02-03,Clerk#000000314
3233,Order Placed,1994-10-24,Clerk#000000470
3233,Shipped,1994-11-24,Clerk#000000470
3233,Committed,1994-12-05,Clerk#000000470
3233,Received,1995-01-21,Clerk#000000470
3234,Order Placed,1996-04-05,Clerk#000000367
3234,Shipped,1996-04-06,Clerk#000000367
3234,Committed,1996-05-09,Clerk#000000367
3234,Received,1996-06-18,Clerk#000000367
3235,Order Placed,1995-11-15,Clerk#000000349
3235,Shipped,1995-11-17,Clerk#000000349
3235,Committed,1995-12-24,Clerk#000000349
3235,Received,1996-03-07,Clerk#000000349
3236,Order Placed,1996-11-06,Clerk#000000553
3236,Shipped,1996-11-15,Clerk#000000553
3236,Committed,1996-12-12,Clerk#000000553
3236,Received,1997-01-24,Clerk#000000553
3237,Order Placed,1992-06-03,Clerk#000000606
3237,Committed,1992-07-31,Clerk#000000606
3237,Shipped,1992-08-03,Clerk#000000606
3237,Received,1992-08-13,Clerk#000000606
3238,Order Placed,1993-02-21,Clerk#000000818
3238,Shipped,1993-02-25,Clerk#000000818
3238,Committed,1993-04-04,Clerk#000000818
3238,Received,1993-05-27,Clerk#000000818
3239,Order Placed,1998-01-12,Clerk#000000619
3239,Shipped,1998-01-15,Clerk#000000619
3239,Committed,1998-02-19,Clerk#000000619
3239,Received,1998-04-17,Clerk#000000619
3264,Order Placed,1996-11-02,Clerk#000000244
3264,Shipped,1996-11-07,Clerk#000000244
3264,Committed,1996-12-05,Clerk#000000244
3264,Received,1997-02-01,Clerk#000000244
3265,Order Placed,1992-06-27,Clerk#000000265
3265,Committed,1992-08-23,Clerk#000000265
3265,Shipped,1992-09-01,Clerk#000000265
3265,Received,1992-10-25,Clerk#000000265
3266,Order Placed,1995-03-17,Clerk#000000545
3266,Committed,1995-05-04,Clerk#000000545
3266,Shipped,1995-05-04,Clerk#000000545
3266,Received,1995-07-06,Clerk#000000545
3267,Order Placed,1997-01-07,Clerk#000000484
3267,Committed,1997-03-25,Clerk#000000484
3267,Shipped,1997-03-30,Clerk#000000484
3267,Received,1997-04-23,Clerk#000000484
3268,Order Placed,1994-06-25,Clerk#000000746
3268,Shipped,1994-06-30,Clerk#000000746
3268,Committed,1994-08-22,Clerk#000000746
3268,Received,1994-09-16,Clerk#000000746
3269,Order Placed,1996-03-01,Clerk#000000378
3269,Shipped,1996-03-03,Clerk#000000378
3269,Committed,1996-04-06,Clerk#000000378
3269,Received,1996-07-07,Clerk#000000378
3270,Order Placed,1997-05-28,Clerk#000000375
3270,Shipped,1997-07-01,Clerk#000000375
3270,Committed,1997-07-23,Clerk#000000375
3270,Received,1997-09-27,Clerk#000000375
3271,Order Placed,1992-01-01,Clerk#000000421
3271,Shipped,1992-01-16,Clerk#000000421
3271,Committed,1992-02-05,Clerk#000000421
3271,Received,1992-05-29,Clerk#000000421
3296,Order Placed,1994-10-19,Clerk#000000991
3296,Shipped,1994-11-08,Clerk#000000991
3296,Committed,1994-11-26,Clerk#000000991
3296,Received,1995-02-16,Clerk#000000991
3297,Order Placed,1992-11-03,Clerk#000000220
3297,Shipped,1992-12-14,Clerk#000000220
3297,Received,1992-12-26,Clerk#000000220
3297,Committed,1993-01-21,Clerk#000000220
3298,Order Placed,1996-04-17,Clerk#000000241
3298,Committed,1996-05-21,Clerk#000000241
3298,Shipped,1996-06-30,Clerk#000000241
3298,Received,1996-09-12,Clerk#000000241
3299,Order Placed,1993-12-26,Clerk#000000853
3299,Shipped,1994-03-21,Clerk#000000853
3299,Committed,1994-03-23,Clerk#000000853
3299,Received,1994-04-12,Clerk#000000853
3300,Order Placed,1995-07-15,Clerk#000000198
3300,Shipped,1995-08-17,Clerk#000000198
3300,Committed,1995-09-03,Clerk#000000198
3300,Received,1995-11-20,Clerk#000000198
3301,Order Placed,1994-09-04,Clerk#000000325
3301,Committed,1994-10-27,Clerk#000000325
3301,Shipped,1994-11-19,Clerk#000000325
3301,Received,1994-11-24,Clerk#000000325
3302,Order Placed,1995-11-14,Clerk#000000367
3302,Committed,1995-12-16,Clerk#000000367
3302,Shipped,1996-01-24,Clerk#000000367
3302,Received,1996-02-13,Clerk#000000367
3303,Order Placed,1997-12-14,Clerk#000000661
3303,Shipped,1998-01-18,Clerk#000000661
3303,Committed,1998-01-22,Clerk#000000661
3303,Received,1998-04-12,Clerk#000000661
3328,Order Placed,1992-11-19,Clerk#000000384
3328,Shipped,1992-11-24,Clerk#000000384
3328,Committed,1992-12-19,Clerk#000000384
3328,Received,1993-03-29,Clerk#000000384
3329,Order Placed,1995-07-03,Clerk#000000236
3329,Shipped,1995-07-24,Clerk#000000236
3329,Committed,1995-08-02,Clerk#000000236
3329,Received,1995-09-09,Clerk#000000236
3330,Order Placed,1994-12-19,Clerk#000000124
3330,Shipped,1995-03-02,Clerk#000000124
3330,Committed,1995-03-03,Clerk#000000124
3330,Received,1995-03-16,Clerk#000000124
3331,Order Placed,1993-05-21,Clerk#000000901
3331,Committed,1993-06-22,Clerk#000000901
3331,Shipped,1993-07-18,Clerk#000000901
3331,Received,1993-08-29,Clerk#000000901
3332,Order Placed,1994-11-05,Clerk#000000840
3332,Shipped,1994-12-10,Clerk#000000840
3332,Committed,1995-01-08,Clerk#000000840
3332,Received,1995-02-06,Clerk#000000840
3333,Order Placed,1992-09-16,Clerk#000000157
3333,Shipped,1992-10-02,Clerk#000000157
3333,Committed,1992-10-26,Clerk#000000157
3333,Received,1992-12-16,Clerk#000000157
3334,Order Placed,1996-02-18,Clerk#000000532
3334,Committed,1996-04-08,Clerk#000000532
3334,Shipped,1996-04-28,Clerk#000000532
3334,Received,1996-05-26,Clerk#000000532
3335,Order Placed,1995-10-15,Clerk#000000694
3335,Shipped,1995-10-18,Clerk#000000694
3335,Committed,1995-11-19,Clerk#000000694
3335,Received,1996-02-09,Clerk#000000694
3360,Order Placed,1998-01-23,Clerk#000000254
3360,Committed,1998-02-25,Clerk#000000254
3360,Shipped,1998-02-27,Clerk#000000254
3360,Received,1998-06-09,Clerk#000000254
3361,Order Placed,1992-08-23,Clerk#000000577
3361,Shipped,1992-08-29,Clerk#000000577
3361,Committed,1992-10-13,Clerk#000000577
3361,Received,1992-11-11,Clerk#000000577
3362,Order Placed,1995-07-29,Clerk#000000011
3362,Shipped,1995-08-01,Clerk#000000011
3362,Committed,1995-08-28,Clerk#000000011
3362,Received,1995-11-17,Clerk#000000011
3363,Order Placed,1995-09-23,Clerk#000000615
3363,Committed,1995-10-28,Clerk#000000615
3363,Shipped,1995-10-30,Clerk#000000615
3363,Received,1996-02-18,Clerk#000000615
3364,Order Placed,1997-06-21,Clerk#000000280
3364,Shipped,1997-07-09,Clerk#000000280
3364,Committed,1997-08-01,Clerk#000000280
3364,Received,1997-10-28,Clerk#000000280
3365,Order Placed,1994-11-09,Clerk#000000126
3365,Shipped,1994-11-24,Clerk#000000126
3365,Committed,1994-12-30,Clerk#000000126
3365,Received,1995-03-27,Clerk#000000126
3366,Order Placed,1997-05-18,Clerk#000000160
3366,Shipped,1997-05-20,Clerk#000000160
3366,Committed,1997-06-25,Clerk#000000160
3366,Received,1997-06-26,Clerk#000000160
3367,Order Placed,1992-12-31,Clerk#000000029
3367,Committed,1993-02-12,Clerk#000000029
3367,Shipped,1993-03-13,Clerk#000000029
3367,Received,1993-04-26,Clerk#000000029
3392,Order Placed,1995-10-28,Clerk#000000325
3392,Shipped,1995-11-26,Clerk#000000325
3392,Committed,1995-12-16,Clerk#000000325
3392,Received,1996-02-26,Clerk#000000325
3393,Order Placed,1995-07-04,Clerk#000000076
3393,Shipped,1995-07-12,Clerk#000000076
3393,Committed,1995-08-05,Clerk#000000076
3393,Received,1995-11-11,Clerk#000000076
3394,Order Placed,1996-05-05,Clerk#000000105
3394,Shipped,1996-05-12,Clerk#000000105
3394,Committed,1996-06-12,Clerk#000000105
3394,Received,1996-09-05,Clerk#000000105
3395,Order Placed,1994-10-30,Clerk#000000682
3395,Shipped,1994-12-03,Clerk#000000682
3395,Committed,1995-01-07,Clerk#000000682
3395,Received,1995-01-25,Clerk#000000682
3396,Order Placed,1994-05-21,Clerk#000000868
3396,Shipped,1994-05-30,Clerk#000000868
3396,Committed,1994-06-23,Clerk#000000868
3396,Received,1994-09-28,Clerk#000000868
3397,Order Placed,1994-06-23,Clerk#000000048
3397,Shipped,1994-07-13,Clerk#000000048
3397,Committed,1994-07-30,Clerk#000000048
3397,Received,1994-09-22,Clerk#000000048
3398,Order Placed,1996-09-23,Clerk#000000818
3398,Committed,1996-11-16,Clerk#000000818
3398,Shipped,1996-11-22,Clerk#000000818
3398,Received,1996-12-09,Clerk#000000818
3399,Order Placed,1995-02-28,Clerk#000000575
3399,Shipped,1995-03-12,Clerk#000000575
3399,Committed,1995-04-04,Clerk#000000575
3399,Received,1995-07-12,Clerk#000000575
3424,Order Placed,1996-08-21,Clerk#000000190
3424,Shipped,1996-11-03,Clerk#000000190
3424,Committed,1996-11-08,Clerk#000000190
3424,Received,1996-11-23,Clerk#000000190
3425,Order Placed,1996-03-31,Clerk#000000188
3425,Shipped,1996-04-14,Clerk#000000188
3425,Committed,1996-05-09,Clerk#000000188
3425,Received,1996-08-02,Clerk#000000188
3426,Order Placed,1996-10-16,Clerk#000000283
3426,Shipped,1996-11-02,Clerk#000000283
3426,Committed,1996-12-10,Clerk#000000283
3426,Received,1997-01-13,Clerk#000000283
3427,Order Placed,1997-05-29,Clerk#000000404
3427,Shipped,1997-06-12,Clerk#000000404
3427,Committed,1997-07-03,Clerk#000000404
3427,Received,1997-10-04,Clerk#000000404
3428,Order Placed,1996-04-07,Clerk#000000953
3428,Shipped,1996-04-16,Clerk#000000953
3428,Received,1996-06-02,Clerk#000000953
3428,Committed,1996-06-07,Clerk#000000953
3429,Order Placed,1997-01-06,Clerk#000000737
3429,Shipped,1997-01-19,Clerk#000000737
3429,Committed,1997-02-22,Clerk#000000737
3429,Received,1997-05-05,Clerk#000000737
3430,Order Placed,1994-12-12,Clerk#000000664
3430,Shipped,1994-12-15,Clerk#000000664
3430,Committed,1995-01-28,Clerk#000000664
3430,Received,1995-04-08,Clerk#000000664
3431,Order Placed,1993-08-22,Clerk#000000439
3431,Shipped,1993-09-26,Clerk#000000439
3431,Committed,1993-10-13,Clerk#000000439
3431,Received,1993-10-22,Clerk#000000439
3456,Order Placed,1993-06-01,Clerk#000000924
3456,Committed,1993-08-26,Clerk#000000924
3456,Shipped,1993-08-29,Clerk#000000924
3456,Received,1993-09-07,Clerk#000000924
3457,Order Placed,1995-04-27,Clerk#000000849
3457,Shipped,1995-05-12,Clerk#000000849
3457,Committed,1995-05-30,Clerk#000000849
3457,Received,1995-08-23,Clerk#000000849
3458,Order Placed,1994-12-22,Clerk#000000392
3458,Committed,1995-01-21,Clerk#000000392
3458,Shipped,1995-02-05,Clerk#000000392
3458,Received,1995-05-09,Clerk#000000392
3459,Order Placed,1994-07-28,Clerk#000000777
3459,Shipped,1994-07-31,Clerk#000000777
3459,Committed,1994-09-09,Clerk#000000777
3459,Received,1994-12-11,Clerk#000000777
3460,Order Placed,1995-10-03,Clerk#000000078
3460,Shipped,1995-10-28,Clerk#000000078
3460,Committed,1995-11-10,Clerk#000000078
3460,Received,1996-02-06,Clerk#000000078
3461,Order Placed,1993-01-31,Clerk#000000504
3461,Shipped,1993-02-10,Clerk#000000504
3461,Committed,1993-03-02,Clerk#000000504
3461,Received,1993-06-20,Clerk#000000504
3462,Order Placed,1997-05-17,Clerk#000000657
3462,Shipped,1997-05-31,Clerk#000000657
3462,Committed,1997-07-05,Clerk#000000657
3462,Received,1997-09-19,Clerk#000000657
3463,Order Placed,1993-08-18,Clerk#000000545
3463,Committed,1993-09-24,Clerk#000000545
3463,Shipped,1993-10-28,Clerk#000000545
3463,Received,1993-11-08,Clerk#000000545
3488,Order Placed,1995-01-08,Clerk#000000694
3488,Committed,1995-02-08,Clerk#000000694
3488,Shipped,1995-03-06,Clerk#000000694
3488,Received,1995-05-09,Clerk#000000694
3489,Order Placed,1993-07-29,Clerk#000000307
3489,Shipped,1993-07-31,Clerk#000000307
3489,Received,1993-08-15,Clerk#000000307
3489,Committed,1993-10-09,Clerk#000000307
3490,Order Placed,1997-05-26,Clerk#000000703
3490,Shipped,1997-06-27,Clerk#000000703
3490,Committed,1997-07-25,Clerk#000000703
3490,Received,1997-08-28,Clerk#000000703
3491,Order Placed,1998-06-24,Clerk#000000560
3491,Shipped,1998-08-19,Clerk#000000560
3491,Committed,1998-08-22,Clerk#000000560
3491,Received,1998-10-23,Clerk#000000560
3492,Order Placed,1994-11-24,Clerk#000000066
3492,Shipped,1994-11-26,Clerk#000000066
3492,Committed,1994-12-28,Clerk#000000066
3492,Received,1995-03-29,Clerk#000000066
3493,Order Placed,1993-08-24,Clerk#000000887
3493,Shipped,1993-08-27,Clerk#000000887
3493,Committed,1993-10-07,Clerk#000000887
3493,Received,1993-11-07,Clerk#000000887
3494,Order Placed,1993-04-04,Clerk#000000559
3494,Shipped,1993-05-30,Clerk#000000559
3494,Committed,1993-06-01,Clerk#000000559
3494,Received,1993-07-25,Clerk#000000559
3495,Order Placed,1996-02-26,Clerk#000000441
3495,Shipped,1996-03-22,Clerk#000000441
3495,Committed,1996-04-02,Clerk#000000441
3495,Received,1996-05-01,Clerk#000000441
3520,Order Placed,1997-08-04,Clerk#000000023
3520,Shipped,1997-08-06,Clerk#000000023
3520,Committed,1997-09-03,Clerk#000000023
3520,Received,1997-12-09,Clerk#000000023
3521,Order Placed,1992-10-26,Clerk#000000812
3521,Committed,1992-12-10,Clerk#000000812
3521,Shipped,1993-01-03,Clerk#000000812
3521,Received,1993-03-10,Clerk#000000812
3522,Order Placed,1994-09-26,Clerk#000000250
3522,Committed,1994-10-29,Clerk#000000250
3522,Shipped,1994-10-31,Clerk#000000250
3522,Received,1995-01-23,Clerk#000000250
3523,Order Placed,1998-04-07,Clerk#000000688
3523,Shipped,1998-05-08,Clerk#000000688
3523,Committed,1998-05-18,Clerk#000000688
3523,Received,1998-08-27,Clerk#000000688
3524,Order Placed,1992-05-03,Clerk#000000607
3524,Shipped,1992-05-23,Clerk#000000607
3524,Committed,1992-07-17,Clerk#000000607
3524,Received,1992-09-05,Clerk#000000607
3525,Order Placed,1995-12-22,Clerk#000000084
3525,Shipped,1995-12-30,Clerk#000000084
3525,Committed,1996-01-23,Clerk#000000084
3525,Received,1996-03-16,Clerk#000000084
3526,Order Placed,1995-03-16,Clerk#000000364
3526,Committed,1995-04-26,Clerk#000000364
3526,Shipped,1995-05-01,Clerk#000000364
3526,Received,1995-06-22,Clerk#000000364
3527,Order Placed,1997-06-21,Clerk#000000874
3527,Shipped,1997-07-14,Clerk#000000874
3527,Committed,1997-07-29,Clerk#000000874
3527,Received,1997-10-12,Clerk#000000874
3552,Order Placed,1997-04-23,Clerk#000000973
3552,Committed,1997-06-15,Clerk#000000973
3552,Shipped,1997-06-29,Clerk#000000973
3552,Received,1997-08-29,Clerk#000000973
3553,Order Placed,1994-05-18,Clerk#000000270
3553,Shipped,1994-06-13,Clerk#000000270
3553,Committed,1994-06-25,Clerk#000000270
3553,Received,1994-09-25,Clerk#000000270
3554,Order Placed,1995-06-17,Clerk#000000931
3554,Shipped,1995-07-13,Clerk#000000931
3554,Committed,1995-08-12,Clerk#000000931
3554,Received,1995-10-07,Clerk#000000931
3555,Order Placed,1996-07-07,Clerk#000000585
3555,Shipped,1996-07-13,Clerk#000000585
3555,Committed,1996-08-23,Clerk#000000585
3555,Received,1996-10-24,Clerk#000000585
3556,Order Placed,1992-09-23,Clerk#000000140
3556,Shipped,1992-10-14,Clerk#000000140
3556,Committed,1992-11-09,Clerk#000000140
3556,Received,1993-02-04,Clerk#000000140
3557,Order Placed,1992-11-09,Clerk#000000291
3557,Committed,1992-12-31,Clerk#000000291
3557,Shipped,1993-01-30,Clerk#000000291
3557,Received,1993-03-15,Clerk#000000291
3558,Order Placed,1996-02-29,Clerk#000000841
3558,Shipped,1996-03-14,Clerk#000000841
3558,Committed,1996-04-18,Clerk#000000841
3558,Received,1996-06-25,Clerk#000000841
3559,Order Placed,1992-10-24,Clerk#000000634
3559,Committed,1992-12-03,Clerk#000000634
3559,Shipped,1992-12-10,Clerk#000000634
3559,Received,1992-12-20,Clerk#000000634
3584,Order Placed,1997-08-11,Clerk#000000760
3584,Shipped,1997-08-16,Clerk#000000760
3584,Committed,1997-10-15,Clerk#000000760
3584,Received,1997-12-08,Clerk#000000760
3585,Order Placed,1994-11-23,Clerk#000000988
3585,Shipped,1994-12-04,Clerk#000000988
3585,Committed,1994-12-25,Clerk#000000988
3585,Received,1995-03-17,Clerk#000000988
3586,Order Placed,1993-12-05,Clerk#000000438
3586,Committed,1994-01-07,Clerk#000000438
3586,Shipped,1994-01-24,Clerk#000000438
3586,Received,1994-04-08,Clerk#000000438
3587,Order Placed,1996-05-10,Clerk#000000443
3587,Shipped,1996-05-11,Clerk#000000443
3587,Committed,1996-06-16,Clerk#000000443
3587,Received,1996-09-22,Clerk#000000443
3588,Order Placed,1995-03-19,Clerk#000000316
3588,Shipped,1995-04-08,Clerk#000000316
3588,Committed,1995-05-03,Clerk#000000316
3588,Received,1995-06-24,Clerk#000000316
3589,Order Placed,1994-05-26,Clerk#000000023
3589,Committed,1994-07-17,Clerk#000000023
3589,Shipped,1994-08-11,Clerk#000000023
3589,Received,1994-08-23,Clerk#000000023
3590,Order Placed,1995-05-13,Clerk#000000986
3590,Shipped,1995-06-07,Clerk#000000986
3590,Committed,1995-06-15,Clerk#000000986
3590,Received,1995-09-10,Clerk#000000986
3591,Order Placed,1993-12-08,Clerk#000000144
3591,Shipped,1993-12-26,Clerk#000000144
3591,Committed,1994-01-07,Clerk#000000144
3591,Received,1994-05-02,Clerk#000000144
3616,Order Placed,1994-02-16,Clerk#000000268
3616,Shipped,1994-02-20,Clerk#000000268
3616,Committed,1994-04-18,Clerk#000000268
3616,Received,1994-05-12,Clerk#000000268
3617,Order Placed,1996-03-19,Clerk#000000886
3617,Shipped,1996-04-20,Clerk#000000886
3617,Committed,1996-04-23,Clerk#000000886
3617,Received,1996-07-28,Clerk#000000886
3618,Order Placed,1997-12-13,Clerk#000000894
3618,Shipped,1997-12-22,Clerk#000000894
3618,Committed,1998-01-15,Clerk#000000894
3618,Received,1998-04-15,Clerk#000000894
3619,Order Placed,1996-11-20,Clerk#000000211
3619,Shipped,1996-12-08,Clerk#000000211
3619,Committed,1996-12-21,Clerk#000000211
3619,Received,1997-03-21,Clerk#000000211
3620,Order Placed,1997-03-07,Clerk#000000124
3620,Shipped,1997-03-21,Clerk#000000124
3620,Committed,1997-04-20,Clerk#000000124
3620,Received,1997-06-03,Clerk#000000124
3621,Order Placed,1993-05-06,Clerk#000000643
3621,Shipped,1993-05-27,Clerk#000000643
3621,Committed,1993-06-18,Clerk#000000643
3621,Received,1993-09-05,Clerk#000000643
3622,Order Placed,1995-11-27,Clerk#000000012
3622,Shipped,1995-12-12,Clerk#000000012
3622,Committed,1996-01-23,Clerk#000000012
3622,Received,1996-03-12,Clerk#000000012
3623,Order Placed,1996-12-26,Clerk#000000184
3623,Shipped,1997-01-02,Clerk#000000184
3623,Committed,1997-02-13,Clerk#000000184
3623,Received,1997-05-09,Clerk#000000184
3648,Order Placed,1993-06-17,Clerk#000000717
3648,Shipped,1993-06-27,Clerk#000000717
3648,Committed,1993-07-25,Clerk#000000717
3648,Received,1993-10-09,Clerk#000000717
3649,Order Placed,1994-07-06,Clerk#000000349
3649,Shipped,1994-07-07,Clerk#000000349
3649,Committed,1994-08-10,Clerk#000000349
3649,Received,1994-11-05,Clerk#000000349
3650,Order Placed,1992-05-28,Clerk#000000454
3650,Shipped,1992-06-15,Clerk#000000454
3650,Committed,1992-07-01,Clerk#000000454
3650,Received,1992-09-21,Clerk#000000454
3651,Order Placed,1998-04-27,Clerk#000000222
3651,Shipped,1998-05-03,Clerk#000000222
3651,Committed,1998-06-06,Clerk#000000222
3651,Received,1998-07-10,Clerk#000000222
3652,Order Placed,1997-02-25,Clerk#000000024
3652,Shipped,1997-03-10,Clerk#000000024
3652,Committed,1997-04-03,Clerk#000000024
3652,Received,1997-06-12,Clerk#000000024
3653,Order Placed,1994-03-27,Clerk#000000402
3653,Shipped,1994-04-03,Clerk#000000402
3653,Committed,1994-05-13,Clerk#000000402
3653,Received,1994-08-17,Clerk#000000402
3654,Order Placed,1992-06-03,Clerk#000000475
3654,Shipped,1992-06-05,Clerk#000000475
3654,Committed,1992-07-04,Clerk#000000475
3654,Received,1992-10-19,Clerk#000000475
3655,Order Placed,1992-10-06,Clerk#000000815
3655,Shipped,1992-10-17,Clerk#000000815
3655,Committed,1992-11-16,Clerk#000000815
3655,Received,1993-01-23,Clerk#000000815
3680,Order Placed,1992-12-10,Clerk#000000793
3680,Shipped,1993-01-06,Clerk#000000793
3680,Committed,1993-01-23,Clerk#000000793
3680,Received,1993-04-05,Clerk#000000793
3681,Order Placed,1992-04-04,Clerk#000000566
3681,Committed,1992-05-18,Clerk#000000566
3681,Shipped,1992-07-31,Clerk#000000566
3681,Received,1992-08-07,Clerk#000000566
3682,Order Placed,1997-01-22,Clerk#000000001
3682,Shipped,1997-02-12,Clerk#000000001
3682,Committed,1997-03-21,Clerk#000000001
3682,Received,1997-05-11,Clerk#000000001
3683,Order Placed,1993-03-04,Clerk#000000248
3683,Shipped,1993-03-26,Clerk#000000248
3683,Committed,1993-04-17,Clerk#000000248
3683,Received,1993-07-30,Clerk#000000248
3684,Order Placed,1993-07-20,Clerk#000000835
3684,Shipped,1993-07-23,Clerk#000000835
3684,Committed,1993-08-25,Clerk#000000835
3684,Received,1993-11-02,Clerk#000000835
3685,Order Placed,1992-01-17,Clerk#000000954
3685,Shipped,1992-02-19,Clerk#000000954
3685,Committed,1992-02-23,Clerk#000000954
3685,Received,1992-06-06,Clerk#000000954
3686,Order Placed,1998-07-07,Clerk#000000175
3686,Shipped,1998-07-15,Clerk#000000175
3686,Committed,1998-08-11,Clerk#000000175
3686,Received,1998-10-09,Clerk#000000175
3687,Order Placed,1993-02-03,Clerk#000000585
3687,Shipped,1993-02-11,Clerk#000000585
3687,Committed,1993-03-20,Clerk#000000585
3687,Received,1993-06-05,Clerk#000000585
3712,Order Placed,1992-01-02,Clerk#000000032
3712,Shipped,1992-01-15,Clerk#000000032
3712,Committed,1992-02-11,Clerk#000000032
3712,Received,1992-05-30,Clerk#000000032
3713,Order Placed,1998-05-07,Clerk#000000325
3713,Shipped,1998-05-11,Clerk#000000325
3713,Committed,1998-06-13,Clerk#000000325
3713,Received,1998-08-31,Clerk#000000325
3714,Order Placed,1998-05-01,Clerk#000000595
3714,Shipped,1998-05-25,Clerk#000000595
3714,Committed,1998-06-17,Clerk#000000595
3714,Received,1998-07-22,Clerk#000000595
3715,Order Placed,1996-03-18,Clerk#000000463
3715,Committed,1996-04-22,Clerk#000000463
3715,Shipped,1996-05-03,Clerk#000000463
3715,Received,1996-06-30,Clerk#000000463
3716,Order Placed,1997-08-19,Clerk#000000748
3716,Shipped,1997-09-25,Clerk#000000748
3716,Committed,1997-10-12,Clerk#000000748
3716,Received,1997-12-24,Clerk#000000748
3717,Order Placed,1998-06-03,Clerk#000000974
3717,Shipped,1998-06-09,Clerk#000000974
3717,Committed,1998-07-08,Clerk#000000974
3717,Received,1998-09-28,Clerk#000000974
3718,Order Placed,1996-10-23,Clerk#000000016
3718,Shipped,1996-11-11,Clerk#000000016
3718,Committed,1996-12-06,Clerk#000000016
3718,Received,1996-12-15,Clerk#000000016
3719,Order Placed,1997-02-16,Clerk#000000034
3719,Shipped,1997-02-17,Clerk#000000034
3719,Committed,1997-03-18,Clerk#000000034
3719,Received,1997-07-09,Clerk#000000034
3744,Order Placed,1992-01-10,Clerk#000000765
3744,Committed,1992-02-12,Clerk#000000765
3744,Shipped,1992-05-07,Clerk#000000765
3744,Received,1992-05-17,Clerk#000000765
3745,Order Placed,1993-09-29,Clerk#000000181
3745,Shipped,1993-10-17,Clerk#000000181
3745,Received,1993-11-13,Clerk#000000181
3745,Committed,1993-11-16,Clerk#000000181
3746,Order Placed,1994-09-11,Clerk#000000188
3746,Shipped,1994-09-20,Clerk#000000188
3746,Committed,1994-10-21,Clerk#000000188
3746,Received,1995-01-03,Clerk#000000188
3747,Order Placed,1996-08-20,Clerk#000000226
3747,Shipped,1996-09-10,Clerk#000000226
3747,Committed,1996-09-23,Clerk#000000226
3747,Received,1996-12-17,Clerk#000000226
3748,Order Placed,1998-02-28,Clerk#000000156
3748,Shipped,1998-03-30,Clerk#000000156
3748,Committed,1998-04-07,Clerk#000000156
3748,Received,1998-07-12,Clerk#000000156
3749,Order Placed,1995-02-24,Clerk#000000639
3749,Shipped,1995-03-31,Clerk#000000639
3749,Committed,1995-04-05,Clerk#000000639
3749,Received,1995-07-18,Clerk#000000639
3750,Order Placed,1995-04-30,Clerk#000000885
3750,Shipped,1995-05-11,Clerk#000000885
3750,Committed,1995-06-04,Clerk#000000885
3750,Received,1995-08-21,Clerk#000000885
3751,Order Placed,1994-04-27,Clerk#000000925
3751,Shipped,1994-04-30,Clerk#000000925
3751,Committed,1994-05-30,Clerk#000000925
3751,Received,1994-09-12,Clerk#000000925
3776,Order Placed,1992-11-20,Clerk#000000698
3776,Shipped,1992-12-03,Clerk#000000698
3776,Committed,1993-01-06,Clerk#000000698
3776,Received,1993-02-27,Clerk#000000698
3777,Order Placed,1994-04-08,Clerk#000000941
3777,Shipped,1994-04-09,Clerk#000000941
3777,Committed,1994-05-23,Clerk#000000941
3777,Received,1994-06-13,Clerk#000000941
3778,Order Placed,1993-05-26,Clerk#000000187
3778,Shipped,1993-05-27,Clerk#000000187
3778,Committed,1993-07-06,Clerk#000000187
3778,Received,1993-10-22,Clerk#000000187
3779,Order Placed,1997-01-05,Clerk#000000670
3779,Shipped,1997-01-07,Clerk#000000670
3779,Committed,1997-03-26,Clerk#000000670
3779,Received,1997-05-18,Clerk#000000670
3780,Order Placed,1996-04-13,Clerk#000000967
3780,Committed,1996-05-29,Clerk#000000967
3780,Shipped,1996-06-06,Clerk#000000967
3780,Received,1996-07-22,Clerk#000000967
3781,Order Placed,1996-06-20,Clerk#000000394
3781,Shipped,1996-06-23,Clerk#000000394
3781,Committed,1996-08-08,Clerk#000000394
3781,Received,1996-09-27,Clerk#000000394
3782,Order Placed,1996-08-24,Clerk#000000121
3782,Shipped,1996-09-07,Clerk#000000121
3782,Committed,1996-10-03,Clerk#000000121
3782,Received,1997-01-14,Clerk#000000121
3783,Order Placed,1993-12-06,Clerk#000000614
3783,Shipped,1993-12-09,Clerk#000000614
3783,Committed,1994-01-09,Clerk#000000614
3783,Received,1994-04-10,Clerk#000000614
3808,Order Placed,1994-04-24,Clerk#000000717
3808,Committed,1994-05-26,Clerk#000000717
3808,Shipped,1994-05-27,Clerk#000000717
3808,Received,1994-08-31,Clerk#000000717
3809,Order Placed,1996-05-01,Clerk#000000646
3809,Shipped,1996-05-06,Clerk#000000646
3809,Committed,1996-06-01,Clerk#000000646
3809,Received,1996-09-04,Clerk#000000646
3810,Order Placed,1992-09-17,Clerk#000000660
3810,Shipped,1992-10-26,Clerk#000000660
3810,Committed,1992-10-27,Clerk#000000660
3810,Received,1993-01-15,Clerk#000000660
3811,Order Placed,1998-04-16,Clerk#000000290
3811,Shipped,1998-04-17,Clerk#000000290
3811,Committed,1998-05-16,Clerk#000000290
3811,Received,1998-08-29,Clerk#000000290
3812,Order Placed,1996-08-13,Clerk#000000727
3812,Committed,1996-10-05,Clerk#000000727
3812,Shipped,1996-10-05,Clerk#000000727
3812,Received,1996-10-22,Clerk#000000727
3813,Order Placed,1998-06-29,Clerk#000000531
3813,Committed,1998-08-12,Clerk#000000531
3813,Shipped,1998-08-30,Clerk#000000531
3813,Received,1998-10-28,Clerk#000000531
3814,Order Placed,1995-02-22,Clerk#000000669
3814,Shipped,1995-02-23,Clerk#000000669
3814,Committed,1995-03-25,Clerk#000000669
3814,Received,1995-07-09,Clerk#000000669
3815,Order Placed,1997-08-26,Clerk#000000249
3815,Shipped,1997-11-01,Clerk#000000249
3815,Committed,1997-11-05,Clerk#000000249
3815,Received,1997-11-30,Clerk#000000249
3840,Order Placed,1998-07-17,Clerk#000000713
3840,Shipped,1998-07-21,Clerk#000000713
3840,Committed,1998-08-19,Clerk#000000713
3840,Received,1998-11-30,Clerk#000000713
3841,Order Placed,1994-10-05,Clerk#000000018
3841,Shipped,1994-10-10,Clerk#000000018
3841,Committed,1994-11-12,Clerk#000000018
3841,Received,1995-02-20,Clerk#000000018
3842,Order Placed,1992-04-09,Clerk#000000418
3842,Shipped,1992-04-13,Clerk#000000418
3842,Committed,1992-05-22,Clerk#000000418
3842,Received,1992-08-16,Clerk#000000418
3843,Order Placed,1997-01-04,Clerk#000000693
3843,Shipped,1997-02-13,Clerk#000000693
3843,Committed,1997-02-21,Clerk#000000693
3843,Received,1997-03-13,Clerk#000000693
3844,Order Placed,1994-12-29,Clerk#000000686
3844,Committed,1995-02-03,Clerk#000000686
3844,Shipped,1995-02-24,Clerk#000000686
3844,Received,1995-05-05,Clerk#000000686
3845,Order Placed,1992-04-26,Clerk#000000404
3845,Shipped,1992-05-21,Clerk#000000404
3845,Committed,1992-06-07,Clerk#000000404
3845,Received,1992-09-02,Clerk#000000404
3846,Order Placed,1998-02-05,Clerk#000000877
3846,Shipped,1998-02-14,Clerk#000000877
3846,Committed,1998-03-12,Clerk#000000877
3846,Received,1998-05-20,Clerk#000000877
3847,Order Placed,1993-03-12,Clerk#000000338
3847,Shipped,1993-05-06,Clerk#000000338
3847,Received,1993-05-22,Clerk#000000338
3847,Committed,1993-06-06,Clerk#000000338
3872,Order Placed,1996-09-06,Clerk#000000943
3872,Committed,1996-10-12,Clerk#000000943
3872,Shipped,1996-10-18,Clerk#000000943
3872,Received,1997-01-16,Clerk#000000943
3873,Order Placed,1998-03-30,Clerk#000000791
3873,Committed,1998-05-10,Clerk#000000791
3873,Shipped,1998-05-15,Clerk#000000791
3873,Received,1998-08-14,Clerk#000000791
3874,Order Placed,1993-06-09,Clerk#000000208
3874,Shipped,1993-06-13,Clerk#000000208
3874,Received,1993-07-08,Clerk#000000208
3874,Committed,1993-07-20,Clerk#000000208
3875,Order Placed,1997-09-10,Clerk#000000587
3875,Committed,1997-10-13,Clerk#000000587
3875,Shipped,1997-10-15,Clerk#000000587
3875,Received,1997-11-09,Clerk#000000587
3876,Order Placed,1996-08-02,Clerk#000000708
3876,Shipped,1996-09-16,Clerk#000000708
3876,Committed,1996-10-17,Clerk#000000708
3876,Received,1996-12-18,Clerk#000000708
3877,Order Placed,1993-05-21,Clerk#000000652
3877,Shipped,1993-05-30,Clerk#000000652
3877,Committed,1993-07-09,Clerk#000000652
3877,Received,1993-08-11,Clerk#000000652
3878,Order Placed,1997-03-23,Clerk#000000314
3878,Committed,1997-05-22,Clerk#000000314
3878,Shipped,1997-06-08,Clerk#000000314
3878,Received,1997-07-20,Clerk#000000314
3879,Order Placed,1995-11-23,Clerk#000000231
3879,Shipped,1995-12-08,Clerk#000000231
3879,Committed,1996-01-03,Clerk#000000231
3879,Received,1996-04-03,Clerk#000000231
3904,Order Placed,1997-11-15,Clerk#000000883
3904,Shipped,1998-02-02,Clerk#000000883
3904,Committed,1998-02-09,Clerk#000000883
3904,Received,1998-02-20,Clerk#000000883
3905,Order Placed,1993-12-21,Clerk#000000573
3905,Committed,1994-02-18,Clerk#000000573
3905,Shipped,1994-03-01,Clerk#000000573
3905,Received,1994-04-21,Clerk#000000573
3906,Order Placed,1992-05-28,Clerk#000000867
3906,Committed,1992-07-22,Clerk#000000867
3906,Shipped,1992-07-30,Clerk#000000867
3906,Received,1992-09-29,Clerk#000000867
3907,Order Placed,1992-08-19,Clerk#000000084
3907,Shipped,1992-09-06,Clerk#000000084
3907,Committed,1992-09-19,Clerk#000000084
3907,Received,1992-11-01,Clerk#000000084
3908,Order Placed,1993-03-09,Clerk#000000490
3908,Shipped,1993-03-12,Clerk#000000490
3908,Committed,1993-04-13,Clerk#000000490
3908,Received,1993-07-05,Clerk#000000490
3909,Order Placed,1998-07-27,Clerk#000000980
3909,Shipped,1998-10-08,Clerk#000000980
3909,Committed,1998-10-14,Clerk#000000980
3909,Received,1998-10-28,Clerk#000000980
3910,Order Placed,1996-08-26,Clerk#000000270
3910,Shipped,1996-09-12,Clerk#000000270
3910,Committed,1996-10-21,Clerk#000000270
3910,Received,1997-01-01,Clerk#000000270
3911,Order Placed,1995-03-17,Clerk#000000818
3911,Shipped,1995-04-04,Clerk#000000818
3911,Committed,1995-04-16,Clerk#000000818
3911,Received,1995-06-28,Clerk#000000818
3936,Order Placed,1996-11-07,Clerk#000000200
3936,Shipped,1996-11-22,Clerk#000000200
3936,Committed,1996-12-27,Clerk#000000200
3936,Received,1997-03-22,Clerk#000000200
3937,Order Placed,1997-11-30,Clerk#000000189
3937,Committed,1998-01-03,Clerk#000000189
3937,Shipped,1998-01-15,Clerk#000000189
3937,Received,1998-04-27,Clerk#000000189
3938,Order Placed,1993-03-03,Clerk#000000199
3938,Committed,1993-05-04,Clerk#000000199
3938,Shipped,1993-05-20,Clerk#000000199
3938,Received,1993-06-12,Clerk#000000199
3939,Order Placed,1996-01-11,Clerk#000000647
3939,Shipped,1996-01-29,Clerk#000000647
3939,Received,1996-02-26,Clerk#000000647
3939,Committed,1996-04-05,Clerk#000000647
3940,Order Placed,1996-02-14,Clerk#000000363
3940,Shipped,1996-02-29,Clerk#000000363
3940,Committed,1996-03-22,Clerk#000000363
3940,Received,1996-06-03,Clerk#000000363
3941,Order Placed,1996-08-29,Clerk#000000503
3941,Shipped,1996-09-14,Clerk#000000503
3941,Committed,1996-10-01,Clerk#000000503
3941,Received,1996-12-25,Clerk#000000503
3942,Order Placed,1993-06-28,Clerk#000000608
3942,Shipped,1993-07-01,Clerk#000000608
3942,Committed,1993-08-01,Clerk#000000608
3942,Received,1993-10-07,Clerk#000000608
3943,Order Placed,1996-10-09,Clerk#000000482
3943,Shipped,1996-10-22,Clerk#000000482
3943,Committed,1996-11-10,Clerk#000000482
3943,Received,1997-02-06,Clerk#000000482
3968,Order Placed,1997-02-17,Clerk#000000431
3968,Shipped,1997-03-30,Clerk#000000431
3968,Committed,1997-04-17,Clerk#000000431
3968,Received,1997-06-25,Clerk#000000431
3969,Order Placed,1997-05-14,Clerk#000000731
3969,Shipped,1997-05-19,Clerk#000000731
3969,Committed,1997-06-13,Clerk#000000731
3969,Received,1997-09-02,Clerk#000000731
3970,Order Placed,1992-03-27,Clerk#000000190
3970,Shipped,1992-04-24,Clerk#000000190
3970,Committed,1992-05-12,Clerk#000000190
3970,Received,1992-07-12,Clerk#000000190
3971,Order Placed,1996-06-28,Clerk#000000287
3971,Shipped,1996-07-07,Clerk#000000287
3971,Received,1996-08-01,Clerk#000000287
3971,Committed,1996-08-08,Clerk#000000287
3972,Order Placed,1994-04-21,Clerk#000000049
3972,Committed,1994-06-30,Clerk#000000049
3972,Shipped,1994-07-24,Clerk#000000049
3972,Received,1994-08-13,Clerk#000000049
3973,Order Placed,1992-03-24,Clerk#000000114
3973,Shipped,1992-05-03,Clerk#000000114
3973,Committed,1992-05-04,Clerk#000000114
3973,Received,1992-07-02,Clerk#000000114
3974,Order Placed,1996-03-05,Clerk#000000938
3974,Shipped,1996-04-05,Clerk#000000938
3974,Committed,1996-05-08,Clerk#000000938
3974,Received,1996-06-28,Clerk#000000938
3975,Order Placed,1995-04-11,Clerk#000000016
3975,Committed,1995-06-18,Clerk#000000016
3975,Shipped,1995-08-02,Clerk#000000016
3975,Received,1995-08-19,Clerk#000000016
4000,Order Placed,1992-01-04,Clerk#000000339
4000,Committed,1992-02-18,Clerk#000000339
4000,Shipped,1992-03-02,Clerk#000000339
4000,Received,1992-03-31,Clerk#000000339
4001,Order Placed,1997-05-15,Clerk#000000878
4001,Shipped,1997-06-04,Clerk#000000878
4001,Committed,1997-06-15,Clerk#000000878
4001,Received,1997-09-18,Clerk#000000878
4002,Order Placed,1997-04-08,Clerk#000000097
4002,Shipped,1997-05-02,Clerk#000000097
4002,Committed,1997-05-15,Clerk#000000097
4002,Received,1997-07-31,Clerk#000000097
4003,Order Placed,1993-01-27,Clerk#000000177
4003,Shipped,1993-02-02,Clerk#000000177
4003,Received,1993-02-28,Clerk#000000177
4003,Committed,1993-04-15,Clerk#000000177
4004,Order Placed,1993-05-07,Clerk#000000273
4004,Committed,1993-06-10,Clerk#000000273
4004,Shipped,1993-06-19,Clerk#000000273
4004,Received,1993-09-28,Clerk#000000273
4005,Order Placed,1996-11-20,Clerk#000000341
4005,Shipped,1996-11-27,Clerk#000000341
4005,Committed,1996-12-24,Clerk#000000341
4005,Received,1997-03-02,Clerk#000000341
4006,Order Placed,1995-01-04,Clerk#000000765
4006,Shipped,1995-01-29,Clerk#000000765
4006,Committed,1995-02-09,Clerk#000000765
4006,Received,1995-05-20,Clerk#000000765
4007,Order Placed,1993-06-18,Clerk#000000623
4007,Committed,1993-07-19,Clerk#000000623
4007,Shipped,1993-09-01,Clerk#000000623
4007,Received,1993-11-04,Clerk#000000623
4032,Order Placed,1998-02-26,Clerk#000000686
4032,Shipped,1998-03-31,Clerk#000000686
4032,Committed,1998-04-19,Clerk#000000686
4032,Received,1998-07-03,Clerk#000000686
4033,Order Placed,1993-06-02,Clerk#000000181
4033,Shipped,1993-07-19,Clerk#000000181
4033,Committed,1993-08-05,Clerk#000000181
4033,Received,1993-08-09,Clerk#000000181
4034,Order Placed,1993-11-14,Clerk#000000548
4034,Shipped,1993-11-29,Clerk#000000548
4034,Committed,1993-12-26,Clerk#000000548
4034,Received,1994-04-01,Clerk#000000548
4035,Order Placed,1992-02-19,Clerk#000000097
4035,Shipped,1992-04-21,Clerk#000000097
4035,Committed,1992-04-23,Clerk#000000097
4035,Received,1992-07-10,Clerk#000000097
4036,Order Placed,1997-04-26,Clerk#000000398
4036,Committed,1997-05-29,Clerk#000000398
4036,Shipped,1997-06-19,Clerk#000000398
4036,Received,1997-09-03,Clerk#000000398
4037,Order Placed,1993-03-24,Clerk#000000384
4037,Shipped,1993-05-06,Clerk#000000384
4037,Committed,1993-06-08,Clerk#000000384
4037,Received,1993-08-03,Clerk#000000384
4038,Order Placed,1996-01-06,Clerk#000000272
4038,Shipped,1996-01-07,Clerk#000000272
4038,Committed,1996-02-15,Clerk#000000272
4038,Received,1996-04-28,Clerk#000000272
4039,Order Placed,1997-11-16,Clerk#000000358
4039,Committed,1997-12-22,Clerk#000000358
4039,Shipped,1998-01-02,Clerk#000000358
4039,Received,1998-04-05,Clerk#000000358
4064,Order Placed,1996-10-10,Clerk#000000598
4064,Shipped,1996-10-13,Clerk#000000598
4064,Committed,1996-12-04,Clerk#000000598
4064,Received,1997-03-06,Clerk#000000598
4065,Order Placed,1994-06-09,Clerk#000000131
4065,Shipped,1994-06-29,Clerk#000000131
4065,Committed,1994-07-29,Clerk#000000131
4065,Received,1994-10-25,Clerk#000000131
4066,Order Placed,1997-01-27,Clerk#000000286
4066,Shipped,1997-02-16,Clerk#000000286
4066,Committed,1997-03-11,Clerk#000000286
4066,Received,1997-06-08,Clerk#000000286
4067,Order Placed,1992-10-07,Clerk#000000027
4067,Committed,1992-11-21,Clerk#000000027
4067,Shipped,1992-12-12,Clerk#000000027
4067,Received,1993-02-20,Clerk#000000027
4068,Order Placed,1996-09-18,Clerk#000000203
4068,Committed,1996-11-16,Clerk#000000203
4068,Shipped,1996-11-28,Clerk#000000203
4068,Received,1996-12-30,Clerk#000000203
4069,Order Placed,1992-05-13,Clerk#000000359
4069,Shipped,1992-05-24,Clerk#000000359
4069,Committed,1992-06-14,Clerk#000000359
4069,Received,1992-10-01,Clerk#000000359
4070,Order Placed,1995-06-12,Clerk#000000713
4070,Shipped,1995-06-22,Clerk#000000713
4070,Committed,1995-07-14,Clerk#000000713
4070,Received,1995-08-31,Clerk#000000713
4071,Order Placed,1996-09-15,Clerk#000000486
4071,Shipped,1996-10-31,Clerk#000000486
4071,Received,1996-11-16,Clerk#000000486
4071,Committed,1996-12-09,Clerk#000000486
4096,Order Placed,1992-07-03,Clerk#000000706
4096,Shipped,1992-07-14,Clerk#000000706
4096,Committed,1992-08-11,Clerk#000000706
4096,Received,1992-10-11,Clerk#000000706
4097,Order Placed,1996-05-24,Clerk#000000475
4097,Shipped,1996-07-29,Clerk#000000475
4097,Committed,1996-07-30,Clerk#000000475
4097,Received,1996-09-27,Clerk#000000475
4098,Order Placed,1996-11-05,Clerk#000000491
4098,Shipped,1997-01-26,Clerk#000000491
4098,Committed,1997-01-27,Clerk#000000491
4098,Received,1997-02-13,Clerk#000000491
4099,Order Placed,1992-08-21,Clerk#000000379
4099,Shipped,1992-09-12,Clerk#000000379
4099,Committed,1992-09-28,Clerk#000000379
4099,Received,1992-12-26,Clerk#000000379
4100,Order Placed,1996-03-12,Clerk#000000429
4100,Committed,1996-04-29,Clerk#000000429
4100,Shipped,1996-06-20,Clerk#000000429
4100,Received,1996-06-21,Clerk#000000429
4101,Order Placed,1993-11-22,Clerk#000000704
4101,Shipped,1994-02-02,Clerk#000000704
4101,Received,1994-02-12,Clerk#000000704
4101,Committed,1994-02-19,Clerk#000000704
4102,Order Placed,1996-03-17,Clerk#000000675
4102,Shipped,1996-04-14,Clerk#000000675
4102,Committed,1996-04-29,Clerk#000000675
4102,Received,1996-07-15,Clerk#000000675
4103,Order Placed,1992-07-03,Clerk#000000679
4103,Committed,1992-08-14,Clerk#000000679
4103,Shipped,1992-09-19,Clerk#000000679
4103,Received,1992-09-21,Clerk#000000679
4128,Order Placed,1995-10-07,Clerk#000000635
4128,Shipped,1995-10-18,Clerk#000000635
4128,Received,1995-10-28,Clerk#000000635
4128,Committed,1995-11-28,Clerk#000000635
4129,Order Placed,1993-06-26,Clerk#000000541
4129,Committed,1993-08-04,Clerk#000000541
4129,Shipped,1993-09-16,Clerk#000000541
4129,Received,1993-10-29,Clerk#000000541
4130,Order Placed,1996-03-10,Clerk#000000609
4130,Committed,1996-04-15,Clerk#000000609
4130,Shipped,1996-05-14,Clerk#000000609
4130,Received,1996-06-17,Clerk#000000609
4131,Order Placed,1998-01-30,Clerk#000000612
4131,Shipped,1998-02-24,Clerk#000000612
4131,Committed,1998-03-01,Clerk#000000612
4131,Received,1998-04-29,Clerk#000000612
4132,Order Placed,1995-05-29,Clerk#000000158
4132,Shipped,1995-06-01,Clerk#000000158
4132,Committed,1995-07-27,Clerk#000000158
4132,Received,1995-08-29,Clerk#000000158
4133,Order Placed,1992-08-07,Clerk#000000268
4133,Committed,1992-09-15,Clerk#000000268
4133,Shipped,1992-11-25,Clerk#000000268
4133,Received,1992-12-25,Clerk#000000268
4134,Order Placed,1995-01-12,Clerk#000000171
4134,Committed,1995-03-13,Clerk#000000171
4134,Shipped,1995-03-19,Clerk#000000171
4134,Received,1995-05-13,Clerk#000000171
4135,Order Placed,1997-03-10,Clerk#000000627
4135,Shipped,1997-03-14,Clerk#000000627
4135,Committed,1997-04-23,Clerk#000000627
4135,Received,1997-05-23,Clerk#000000627
4160,Order Placed,1996-08-20,Clerk#000000283
4160,Shipped,1996-09-19,Clerk#000000283
4160,Committed,1996-09-25,Clerk#000000283
4160,Received,1996-12-10,Clerk#000000283
4161,Order Placed,1993-08-21,Clerk#000000047
4161,Shipped,1993-08-22,Clerk#000000047
4161,Committed,1993-10-04,Clerk#000000047
4161,Received,1994-01-19,Clerk#000000047
4162,Order Placed,1992-02-10,Clerk#000000179
4162,Shipped,1992-02-25,Clerk#000000179
4162,Received,1992-03-29,Clerk#000000179
4162,Committed,1992-04-25,Clerk#000000179
4163,Order Placed,1992-12-21,Clerk#000000268
4163,Shipped,1993-02-17,Clerk#000000268
4163,Committed,1993-03-13,Clerk#000000268
4163,Received,1993-03-15,Clerk#000000268
4164,Order Placed,1998-07-03,Clerk#000000720
4164,Committed,1998-08-13,Clerk#000000720
4164,Shipped,1998-08-25,Clerk#000000720
4164,Received,1998-09-19,Clerk#000000720
4165,Order Placed,1997-07-25,Clerk#000000621
4165,Shipped,1997-09-20,Clerk#000000621
4165,Received,1997-10-12,Clerk#000000621
4165,Committed,1997-10-20,Clerk#000000621
4166,Order Placed,1993-02-28,Clerk#000000757
4166,Shipped,1993-03-01,Clerk#000000757
4166,Committed,1993-04-10,Clerk#000000757
4166,Received,1993-07-24,Clerk#000000757
4167,Order Placed,1998-06-17,Clerk#000000917
4167,Shipped,1998-08-02,Clerk#000000917
4167,Committed,1998-08-14,Clerk#000000917
4167,Received,1998-10-13,Clerk#000000917
4192,Order Placed,1998-04-19,Clerk#000000369
4192,Shipped,1998-04-25,Clerk#000000369
4192,Committed,1998-05-26,Clerk#000000369
4192,Received,1998-09-03,Clerk#000000369
4193,Order Placed,1994-01-09,Clerk#000000201
4193,Shipped,1994-02-10,Clerk#000000201
4193,Committed,1994-02-24,Clerk#000000201
4193,Received,1994-05-29,Clerk#000000201
4194,Order Placed,1994-10-16,Clerk#000000385
4194,Shipped,1994-11-06,Clerk#000000385
4194,Committed,1994-12-04,Clerk#000000385
4194,Received,1995-03-11,Clerk#000000385
4195,Order Placed,1993-05-29,Clerk#000000777
4195,Shipped,1993-07-01,Clerk#000000777
4195,Committed,1993-07-21,Clerk#000000777
4195,Received,1993-09-18,Clerk#000000777
4196,Order Placed,1998-05-15,Clerk#000000532
4196,Shipped,1998-05-17,Clerk#000000532
4196,Committed,1998-06-28,Clerk#000000532
4196,Received,1998-09-10,Clerk#000000532
4197,Order Placed,1996-08-13,Clerk#000000264
4197,Shipped,1996-09-10,Clerk#000000264
4197,Committed,1996-10-10,Clerk#000000264
4197,Received,1996-11-20,Clerk#000000264
4198,Order Placed,1997-06-16,Clerk#000000583
4198,Committed,1997-07-18,Clerk#000000583
4198,Shipped,1997-07-18,Clerk#000000583
4198,Received,1997-09-11,Clerk#000000583
4199,Order Placed,1992-02-13,Clerk#000000309
4199,Committed,1992-03-30,Clerk#000000309
4199,Shipped,1992-06-01,Clerk#000000309
4199,Received,1992-07-10,Clerk#000000309
4224,Order Placed,1997-07-14,Clerk#000000034
4224,Shipped,1997-07-30,Clerk#000000034
4224,Committed,1997-08-19,Clerk#000000034
4224,Received,1997-11-14,Clerk#000000034
4225,Order Placed,1997-06-03,Clerk#000000992
4225,Shipped,1997-07-10,Clerk#000000992
4225,Committed,1997-08-08,Clerk#000000992
4225,Received,1997-10-11,Clerk#000000992
4226,Order Placed,1993-03-09,Clerk#000000203
4226,Committed,1993-04-12,Clerk#000000203
4226,Shipped,1993-05-03,Clerk#000000203
4226,Received,1993-05-16,Clerk#000000203
4227,Order Placed,1995-02-24,Clerk#000000063
4227,Shipped,1995-03-30,Clerk#000000063
4227,Committed,1995-04-12,Clerk#000000063
4227,Received,1995-06-28,Clerk#000000063
4228,Order Placed,1997-03-28,Clerk#000000309
4228,Shipped,1997-04-24,Clerk#000000309
4228,Received,1997-05-17,Clerk#000000309
4228,Committed,1997-05-29,Clerk#000000309
4229,Order Placed,1998-03-03,Clerk#000000301
4229,Committed,1998-04-13,Clerk#000000301
4229,Shipped,1998-05-26,Clerk#000000301
4229,Received,1998-06-16,Clerk#000000301
4230,Order Placed,1992-03-04,Clerk#000000364
4230,Shipped,1992-03-11,Clerk#000000364
4230,Committed,1992-04-11,Clerk#000000364
4230,Received,1992-07-04,Clerk#000000364
4231,Order Placed,1997-11-20,Clerk#000000630
4231,Shipped,1997-11-27,Clerk#000000630
4231,Committed,1997-12-27,Clerk#000000630
4231,Received,1998-03-18,Clerk#000000630
4256,Order Placed,1992-04-05,Clerk#000000043
4256,Committed,1992-05-14,Clerk#000000043
4256,Shipped,1992-07-30,Clerk#000000043
4256,Received,1992-08-14,Clerk#000000043
4257,Order Placed,1995-03-25,Clerk#000000682
4257,Shipped,1995-04-29,Clerk#000000682
4257,Committed,1995-05-01,Clerk#000000682
4257,Received,1995-07-12,Clerk#000000682
4258,Order Placed,1996-10-27,Clerk#000000364
4258,Shipped,1996-12-04,Clerk#000000364
4258,Committed,1996-12-06,Clerk#000000364
4258,Received,1997-02-27,Clerk#000000364
4259,Order Placed,1997-10-09,Clerk#000000781
4259,Committed,1997-11-21,Clerk#000000781
4259,Shipped,1998-01-09,Clerk#000000781
4259,Received,1998-01-29,Clerk#000000781
4260,Order Placed,1992-05-16,Clerk#000000919
4260,Committed,1992-06-18,Clerk#000000919
4260,Shipped,1992-08-06,Clerk#000000919
4260,Received,1992-08-22,Clerk#000000919
4261,Order Placed,1992-10-03,Clerk#000000662
4261,Shipped,1992-10-08,Clerk#000000662
4261,Committed,1992-12-14,Clerk#000000662
4261,Received,1992-12-25,Clerk#000000662
4262,Order Placed,1996-08-04,Clerk#000000239
4262,Shipped,1996-08-11,Clerk#000000239
4262,Committed,1996-09-05,Clerk#000000239
4262,Received,1996-11-13,Clerk#000000239
4263,Order Placed,1998-03-16,Clerk#000000265
4263,Shipped,1998-04-04,Clerk#000000265
4263,Committed,1998-04-17,Clerk#000000265
4263,Received,1998-07-17,Clerk#000000265
4288,Order Placed,1992-12-04,Clerk#000000823
4288,Shipped,1993-01-15,Clerk#000000823
4288,Committed,1993-01-26,Clerk#000000823
4288,Received,1993-04-18,Clerk#000000823
4289,Order Placed,1993-10-07,Clerk#000000912
4289,Committed,1993-11-06,Clerk#000000912
4289,Shipped,1993-12-31,Clerk#000000912
4289,Received,1994-01-23,Clerk#000000912
4290,Order Placed,1995-01-15,Clerk#000000688
4290,Committed,1995-02-16,Clerk#000000688
4290,Shipped,1995-03-25,Clerk#000000688
4290,Received,1995-04-11,Clerk#000000688
4291,Order Placed,1993-11-29,Clerk#000000655
4291,Shipped,1994-02-01,Clerk#000000655
4291,Committed,1994-02-08,Clerk#000000655
4291,Received,1994-03-27,Clerk#000000655
4292,Order Placed,1992-01-09,Clerk#000000794
4292,Shipped,1992-02-07,Clerk#000000794
4292,Committed,1992-02-16,Clerk#000000794
4292,Received,1992-05-27,Clerk#000000794
4293,Order Placed,1996-08-20,Clerk#000000750
4293,Shipped,1996-09-07,Clerk#000000750
4293,Committed,1996-10-09,Clerk#000000750
4293,Received,1996-12-22,Clerk#000000750
4294,Order Placed,1992-08-15,Clerk#000000407
4294,Shipped,1992-08-17,Clerk#000000407
4294,Committed,1992-09-24,Clerk#000000407
4294,Received,1992-12-05,Clerk#000000407
4295,Order Placed,1996-02-10,Clerk#000000023
4295,Committed,1996-03-17,Clerk#000000023
4295,Shipped,1996-03-22,Clerk#000000023
4295,Received,1996-06-24,Clerk#000000023
4320,Order Placed,1996-12-08,Clerk#000000223
4320,Shipped,1996-12-11,Clerk#000000223
4320,Committed,1997-01-26,Clerk#000000223
4320,Received,1997-02-07,Clerk#000000223
4321,Order Placed,1994-07-18,Clerk#000000041
4321,Committed,1994-08-17,Clerk#000000041
4321,Shipped,1994-09-01,Clerk#000000041
4321,Received,1994-11-18,Clerk#000000041
4322,Order Placed,1998-03-13,Clerk#000000433
4322,Shipped,1998-03-16,Clerk#000000433
4322,Committed,1998-04-12,Clerk#000000433
4322,Received,1998-06-25,Clerk#000000433
4323,Order Placed,1994-01-23,Clerk#000000282
4323,Committed,1994-03-06,Clerk#000000282
4323,Shipped,1994-05-04,Clerk#000000282
4323,Received,1994-05-23,Clerk#000000282
4324,Order Placed,1995-07-17,Clerk#000000800
4324,Committed,1995-08-26,Clerk#000000800
4324,Shipped,1995-09-13,Clerk#000000800
4324,Received,1995-11-22,Clerk#000000800
4325,Order Placed,1996-07-18,Clerk#000000591
4325,Committed,1996-09-28,Clerk#000000591
4325,Shipped,1996-10-07,Clerk#000000591
4325,Received,1996-10-31,Clerk#000000591
4326,Order Placed,1996-10-27,Clerk#000000869
4326,Shipped,1996-11-29,Clerk#000000869
4326,Committed,1996-12-10,Clerk#000000869
4326,Received,1997-02-20,Clerk#000000869
4327,Order Placed,1995-03-16,Clerk#000000571
4327,Committed,1995-04-17,Clerk#000000571
4327,Shipped,1995-04-24,Clerk#000000571
4327,Received,1995-07-13,Clerk#000000571
4352,Order Placed,1997-11-26,Clerk#000000620
4352,Committed,1998-02-02,Clerk#000000620
4352,Shipped,1998-02-27,Clerk#000000620
4352,Received,1998-03-01,Clerk#000000620
4353,Order Placed,1997-12-12,Clerk#000000790
4353,Shipped,1998-01-19,Clerk#000000790
4353,Committed,1998-01-23,Clerk#000000790
4353,Received,1998-02-10,Clerk#000000790
4354,Order Placed,1994-09-30,Clerk#000000046
4354,Shipped,1994-11-20,Clerk#000000046
4354,Committed,1994-11-24,Clerk#000000046
4354,Received,1995-02-25,Clerk#000000046
4355,Order Placed,1996-11-16,Clerk#000000362
4355,Shipped,1996-11-25,Clerk#000000362
4355,Committed,1996-12-22,Clerk#000000362
4355,Received,1997-03-26,Clerk#000000362
4356,Order Placed,1994-04-11,Clerk#000000956
4356,Shipped,1994-05-30,Clerk#000000956
4356,Received,1994-06-08,Clerk#000000956
4356,Committed,1994-06-14,Clerk#000000956
4357,Order Placed,1997-10-23,Clerk#000000031
4357,Shipped,1997-11-25,Clerk#000000031
4357,Committed,1997-12-03,Clerk#000000031
4357,Received,1998-02-09,Clerk#000000031
4358,Order Placed,1997-08-12,Clerk#000000692
4358,Committed,1997-10-14,Clerk#000000692
4358,Shipped,1997-10-15,Clerk#000000692
4358,Received,1997-11-04,Clerk#000000692
4359,Order Placed,1993-03-03,Clerk#000000393
4359,Shipped,1993-03-28,Clerk#000000393
4359,Committed,1993-04-04,Clerk#000000393
4359,Received,1993-07-18,Clerk#000000393
4384,Order Placed,1992-07-13,Clerk#000000192
4384,Shipped,1992-08-22,Clerk#000000192
4384,Committed,1992-08-24,Clerk#000000192
4384,Received,1992-11-04,Clerk#000000192
4385,Order Placed,1996-08-06,Clerk#000000597
4385,Committed,1996-10-30,Clerk#000000597
4385,Shipped,1996-11-22,Clerk#000000597
4385,Received,1996-12-21,Clerk#000000597
4386,Order Placed,1998-02-06,Clerk#000000070
4386,Shipped,1998-03-05,Clerk#000000070
4386,Committed,1998-03-15,Clerk#000000070
4386,Received,1998-06-28,Clerk#000000070
4387,Order Placed,1995-10-23,Clerk#000000025
4387,Shipped,1995-10-29,Clerk#000000025
4387,Committed,1995-12-10,Clerk#000000025
4387,Received,1996-01-30,Clerk#000000025
4388,Order Placed,1996-03-28,Clerk#000000715
4388,Committed,1996-05-07,Clerk#000000715
4388,Shipped,1996-05-08,Clerk#000000715
4388,Received,1996-07-04,Clerk#000000715
4389,Order Placed,1994-05-05,Clerk#000000403
4389,Committed,1994-06-04,Clerk#000000403
4389,Shipped,1994-06-06,Clerk#000000403
4389,Received,1994-09-16,Clerk#000000403
4390,Order Placed,1995-05-23,Clerk#000000691
4390,Shipped,1995-05-30,Clerk#000000691
4390,Committed,1995-06-22,Clerk#000000691
4390,Received,1995-10-05,Clerk#000000691
4391,Order Placed,1992-02-18,Clerk#000000880
4391,Shipped,1992-04-01,Clerk#000000880
4391,Committed,1992-04-27,Clerk#000000880
4391,Received,1992-06-20,Clerk#000000880
4416,Order Placed,1992-06-30,Clerk#000000391
4416,Committed,1992-08-06,Clerk#000000391
4416,Shipped,1992-10-16,Clerk#000000391
4416,Received,1992-11-16,Clerk#000000391
4417,Order Placed,1998-07-09,Clerk#000000365
4417,Shipped,1998-08-08,Clerk#000000365
4417,Committed,1998-08-22,Clerk#000000365
4417,Received,1998-10-24,Clerk#000000365
4418,Order Placed,1993-03-25,Clerk#000000731
4418,Shipped,1993-04-08,Clerk#000000731
4418,Committed,1993-06-02,Clerk#000000731
4418,Received,1993-06-05,Clerk#000000731
4419,Order Placed,1996-06-12,Clerk#000000410
4419,Shipped,1996-06-25,Clerk#000000410
4419,Committed,1996-07-25,Clerk#000000410
4419,Received,1996-09-21,Clerk#000000410
4420,Order Placed,1994-06-18,Clerk#000000706
4420,Shipped,1994-08-30,Clerk#000000706
4420,Committed,1994-09-03,Clerk#000000706
4420,Received,1994-09-25,Clerk#000000706
4421,Order Placed,1997-04-04,Clerk#000000246
4421,Shipped,1997-04-21,Clerk#000000246
4421,Committed,1997-05-13,Clerk#000000246
4421,Received,1997-08-13,Clerk#000000246
4422,Order Placed,1995-05-22,Clerk#000000938
4422,Shipped,1995-06-12,Clerk#000000938
4422,Committed,1995-06-24,Clerk#000000938
4422,Received,1995-10-18,Clerk#000000938
4423,Order Placed,1995-02-17,Clerk#000000888
4423,Shipped,1995-03-04,Clerk#000000888
4423,Committed,1995-04-04,Clerk#000000888
4423,Received,1995-04-19,Clerk#000000888
4448,Order Placed,1998-05-21,Clerk#000000428
4448,Committed,1998-06-30,Clerk#000000428
4448,Shipped,1998-07-20,Clerk#000000428
4448,Received,1998-10-08,Clerk#000000428
4449,Order Placed,1998-02-08,Clerk#000000035
4449,Shipped,1998-03-22,Clerk#000000035
4449,Committed,1998-05-04,Clerk#000000035
4449,Received,1998-05-15,Clerk#000000035
4450,Order Placed,1997-07-15,Clerk#000000867
4450,Shipped,1997-08-13,Clerk#000000867
4450,Committed,1997-08-16,Clerk#000000867
4450,Received,1997-10-29,Clerk#000000867
4451,Order Placed,1994-10-01,Clerk#000000181
4451,Shipped,1994-10-09,Clerk#000000181
4451,Committed,1994-11-26,Clerk#000000181
4451,Received,1994-12-13,Clerk#000000181
4452,Order Placed,1994-06-21,Clerk#000000985
4452,Committed,1994-08-09,Clerk#000000985
4452,Shipped,1994-10-06,Clerk#000000985
4452,Received,1994-10-15,Clerk#000000985
4453,Order Placed,1997-04-01,Clerk#000000603
4453,Committed,1997-05-05,Clerk#000000603
4453,Shipped,1997-05-07,Clerk#000000603
4453,Received,1997-08-03,Clerk#000000603
4454,Order Placed,1994-02-02,Clerk#000000411
4454,Shipped,1994-02-05,Clerk#000000411
4454,Committed,1994-03-06,Clerk#000000411
4454,Received,1994-05-20,Clerk#000000411
4455,Order Placed,1993-10-11,Clerk#000000924
4455,Shipped,1993-10-24,Clerk#000000924
4455,Committed,1993-11-21,Clerk#000000924
4455,Received,1994-03-02,Clerk#000000924
4480,Order Placed,1994-03-31,Clerk#000000534
4480,Committed,1994-06-22,Clerk#000000534
4480,Shipped,1994-07-29,Clerk#000000534
4480,Received,1994-08-01,Clerk#000000534
4481,Order Placed,1996-03-30,Clerk#000000443
4481,Shipped,1996-04-06,Clerk#000000443
4481,Committed,1996-05-13,Clerk#000000443
4481,Received,1996-08-14,Clerk#000000443
4482,Order Placed,1995-05-15,Clerk#000000534
4482,Shipped,1995-05-16,Clerk#000000534
4482,Committed,1995-06-26,Clerk#000000534
4482,Received,1995-09-10,Clerk#000000534
4483,Order Placed,1992-03-07,Clerk#000000615
4483,Shipped,1992-04-05,Clerk#000000615
4483,Committed,1992-04-18,Clerk#000000615
4483,Received,1992-07-08,Clerk#000000615
4484,Order Placed,1996-12-24,Clerk#000000392
4484,Shipped,1996-12-27,Clerk#000000392
4484,Committed,1997-01-26,Clerk#000000392
4484,Received,1997-04-21,Clerk#000000392
4485,Order Placed,1994-11-13,Clerk#000000038
4485,Shipped,1994-12-04,Clerk#000000038
4485,Committed,1994-12-14,Clerk#000000038
4485,Received,1995-03-23,Clerk#000000038
4486,Order Placed,1998-03-03,Clerk#000000656
4486,Committed,1998-04-05,Clerk#000000656
4486,Shipped,1998-04-09,Clerk#000000656
4486,Received,1998-07-02,Clerk#000000656
4487,Order Placed,1993-02-23,Clerk#000000017
4487,Shipped,1993-02-28,Clerk#000000017
4487,Committed,1993-04-18,Clerk#000000017
4487,Received,1993-07-10,Clerk#000000017
4512,Order Placed,1995-10-25,Clerk#000000393
4512,Shipped,1995-10-31,Clerk#000000393
4512,Committed,1995-11-28,Clerk#000000393
4512,Received,1996-02-22,Clerk#000000393
4513,Order Placed,1996-03-15,Clerk#000000154
4513,Shipped,1996-03-27,Clerk#000000154
4513,Committed,1996-05-14,Clerk#000000154
4513,Received,1996-07-24,Clerk#000000154
4514,Order Placed,1994-04-30,Clerk#000000074
4514,Committed,1994-06-09,Clerk#000000074
4514,Shipped,1994-06-19,Clerk#000000074
4514,Received,1994-09-15,Clerk#000000074
4515,Order Placed,1992-03-17,Clerk#000000191
4515,Shipped,1992-03-28,Clerk#000000191
4515,Committed,1992-05-07,Clerk#000000191
4515,Received,1992-07-23,Clerk#000000191
4516,Order Placed,1994-03-29,Clerk#000000739
4516,Shipped,1994-05-16,Clerk#000000739
4516,Received,1994-06-12,Clerk#000000739
4516,Committed,1994-06-23,Clerk#000000739
4517,Order Placed,1998-03-07,Clerk#000000231
4517,Committed,1998-04-18,Clerk#000000231
4517,Shipped,1998-06-08,Clerk#000000231
4517,Received,1998-06-20,Clerk#000000231
4518,Order Placed,1997-05-01,Clerk#000000187
4518,Committed,1997-06-06,Clerk#000000187
4518,Shipped,1997-06-26,Clerk#000000187
4518,Received,1997-08-27,Clerk#000000187
4519,Order Placed,1993-03-30,Clerk#000000938
4519,Shipped,1993-04-11,Clerk#000000938
4519,Committed,1993-06-05,Clerk#000000938
4519,Received,1993-08-19,Clerk#000000938
4544,Order Placed,1997-08-07,Clerk#000000435
4544,Shipped,1997-08-09,Clerk#000000435
4544,Committed,1997-09-07,Clerk#000000435
4544,Received,1997-10-25,Clerk#000000435
4545,Order Placed,1993-01-17,Clerk#000000303
4545,Shipped,1993-01-27,Clerk#000000303
4545,Committed,1993-02-18,Clerk#000000303
4545,Received,1993-05-15,Clerk#000000303
4546,Order Placed,1995-07-29,Clerk#000000373
4546,Shipped,1995-07-31,Clerk#000000373
4546,Committed,1995-09-16,Clerk#000000373
4546,Received,1995-10-23,Clerk#000000373
4547,Order Placed,1993-08-23,Clerk#000000519
4547,Shipped,1993-09-04,Clerk#000000519
4547,Committed,1993-09-29,Clerk#000000519
4547,Received,1993-12-29,Clerk#000000519
4548,Order Placed,1996-06-28,Clerk#000000798
4548,Shipped,1996-07-06,Clerk#000000798
4548,Committed,1996-08-23,Clerk#000000798
4548,Received,1996-09-08,Clerk#000000798
4549,Order Placed,1998-03-05,Clerk#000000965
4549,Shipped,1998-03-13,Clerk#000000965
4549,Committed,1998-04-11,Clerk#000000965
4549,Received,1998-05-14,Clerk#000000965
4550,Order Placed,1994-12-29,Clerk#000000748
4550,Shipped,1995-01-01,Clerk#000000748
4550,Committed,1995-02-07,Clerk#000000748
4550,Received,1995-04-24,Clerk#000000748
4551,Order Placed,1996-02-09,Clerk#000000462
4551,Committed,1996-03-17,Clerk#000000462
4551,Shipped,1996-04-14,Clerk#000000462
4551,Received,1996-06-13,Clerk#000000462
4576,Order Placed,1996-08-14,Clerk#000000798
4576,Shipped,1996-08-23,Clerk#000000798
4576,Committed,1996-09-23,Clerk#000000798
4576,Received,1996-11-10,Clerk#000000798
4577,Order Placed,1998-05-02,Clerk#000000409
4577,Committed,1998-06-02,Clerk#000000409
4577,Shipped,1998-06-16,Clerk#000000409
4577,Received,1998-09-14,Clerk#000000409
4578,Order Placed,1992-09-13,Clerk#000000121
4578,Shipped,1992-10-23,Clerk#000000121
4578,Committed,1992-11-06,Clerk#000000121
4578,Received,1993-01-28,Clerk#000000121
4579,Order Placed,1995-12-01,Clerk#000000951
4579,Shipped,1995-12-16,Clerk#000000951
4579,Committed,1996-01-08,Clerk#000000951
4579,Received,1996-03-16,Clerk#000000951
4580,Order Placed,1993-11-15,Clerk#000000086
4580,Shipped,1993-12-13,Clerk#000000086
4580,Committed,1993-12-17,Clerk#000000086
4580,Received,1994-02-22,Clerk#000000086
4581,Order Placed,1992-09-04,Clerk#000000687
4581,Shipped,1992-09-09,Clerk#000000687
4581,Committed,1992-10-20,Clerk#000000687
4581,Received,1992-11-04,Clerk#000000687
4582,Order Placed,1996-07-04,Clerk#000000638
4582,Shipped,1996-08-17,Clerk#000000638
4582,Received,1996-08-20,Clerk#000000638
4582,Committed,1996-08-26,Clerk#000000638
4583,Order Placed,1994-09-25,Clerk#000000240
4583,Committed,1994-10-29,Clerk#000000240
4583,Shipped,1994-10-29,Clerk#000000240
4583,Received,1995-02-10,Clerk#000000240
4608,Order Placed,1994-06-17,Clerk#000000259
4608,Committed,1994-07-18,Clerk#000000259
4608,Shipped,1994-07-25,Clerk#000000259
4608,Received,1994-10-25,Clerk#000000259
4609,Order Placed,1996-12-05,Clerk#000000239
4609,Shipped,1996-12-28,Clerk#000000239
4609,Committed,1997-01-16,Clerk#000000239
4609,Received,1997-03-07,Clerk#000000239
4610,Order Placed,1993-06-18,Clerk#000000616
4610,Shipped,1993-07-01,Clerk#000000616
4610,Committed,1993-07-19,Clerk#000000616
4610,Received,1993-08-27,Clerk#000000616
4611,Order Placed,1993-01-10,Clerk#000000152
4611,Shipped,1993-01-22,Clerk#000000152
4611,Committed,1993-02-12,Clerk#000000152
4611,Received,1993-03-17,Clerk#000000152
4612,Order Placed,1993-09-20,Clerk#000000397
4612,Shipped,1993-09-24,Clerk#000000397
4612,Committed,1993-11-08,Clerk#000000397
4612,Received,1994-02-06,Clerk#000000397
4613,Order Placed,1998-03-05,Clerk#000000541
4613,Committed,1998-04-11,Clerk#000000541
4613,Shipped,1998-04-22,Clerk#000000541
4613,Received,1998-07-09,Clerk#000000541
4614,Order Placed,1996-04-22,Clerk#000000974
4614,Shipped,1996-05-17,Clerk#000000974
4614,Committed,1996-05-28,Clerk#000000974
4614,Received,1996-09-16,Clerk#000000974
4615,Order Placed,1993-08-27,Clerk#000000982
4615,Committed,1993-10-05,Clerk#000000982
4615,Shipped,1993-11-20,Clerk#000000982
4615,Received,1993-12-08,Clerk#000000982
4640,Order Placed,1996-01-01,Clerk#000000902
4640,Shipped,1996-01-03,Clerk#000000902
4640,Committed,1996-02-09,Clerk#000000902
4640,Received,1996-04-11,Clerk#000000902
4641,Order Placed,1993-01-20,Clerk#000000755
4641,Shipped,1993-01-25,Clerk#000000755
4641,Committed,1993-03-06,Clerk#000000755
4641,Received,1993-05-21,Clerk#000000755
4642,Order Placed,1995-02-27,Clerk#000000295
4642,Shipped,1995-04-01,Clerk#000000295
4642,Committed,1995-04-13,Clerk#000000295
4642,Received,1995-06-21,Clerk#000000295
4643,Order Placed,1995-06-30,Clerk#000000292
4643,Committed,1995-08-13,Clerk#000000292
4643,Shipped,1995-09-11,Clerk#000000292
4643,Received,1995-09-30,Clerk#000000292
4644,Order Placed,1998-01-17,Clerk#000000961
4644,Shipped,1998-02-02,Clerk#000000961
4644,Committed,1998-02-21,Clerk#000000961
4644,Received,1998-05-28,Clerk#000000961
4645,Order Placed,1994-09-20,Clerk#000000764
4645,Committed,1994-10-22,Clerk#000000764
4645,Shipped,1994-10-25,Clerk#000000764
4645,Received,1995-01-28,Clerk#000000764
4646,Order Placed,1996-06-18,Clerk#000000036
4646,Shipped,1996-06-30,Clerk#000000036
4646,Committed,1996-08-06,Clerk#000000036
4646,Received,1996-10-27,Clerk#000000036
4647,Order Placed,1994-05-14,Clerk#000000626
4647,Shipped,1994-05-20,Clerk#000000626
4647,Committed,1994-06-20,Clerk#000000626
4647,Received,1994-10-06,Clerk#000000626
4672,Order Placed,1995-11-07,Clerk#000000475
4672,Shipped,1995-11-11,Clerk#000000475
4672,Committed,1995-12-08,Clerk#000000475
4672,Received,1996-03-02,Clerk#000000475
4673,Order Placed,1996-08-13,Clerk#000000914
4673,Committed,1996-09-30,Clerk#000000914
4673,Shipped,1996-10-12,Clerk#000000914
4673,Received,1997-01-08,Clerk#000000914
4674,Order Placed,1994-04-19,Clerk#000000122
4674,Shipped,1994-05-08,Clerk#000000122
4674,Committed,1994-05-28,Clerk#000000122
4674,Received,1994-08-21,Clerk#000000122
4675,Order Placed,1993-11-25,Clerk#000000741
4675,Shipped,1993-12-16,Clerk#000000741
4675,Committed,1993-12-29,Clerk#000000741
4675,Received,1994-04-17,Clerk#000000741
4676,Order Placed,1995-09-01,Clerk#000000407
4676,Shipped,1995-09-20,Clerk#000000407
4676,Committed,1995-10-01,Clerk#000000407
4676,Received,1996-01-18,Clerk#000000407
4677,Order Placed,1998-02-21,Clerk#000000245
4677,Shipped,1998-04-11,Clerk#000000245
4677,Received,1998-04-18,Clerk#000000245
4677,Committed,1998-05-11,Clerk#000000245
4678,Order Placed,1998-08-02,Clerk#000000175
4678,Shipped,1998-09-03,Clerk#000000175
4678,Committed,1998-09-20,Clerk#000000175
4678,Received,1998-12-17,Clerk#000000175
4679,Order Placed,1993-01-20,Clerk#000000905
4679,Committed,1993-04-11,Clerk#000000905
4679,Shipped,1993-05-11,Clerk#000000905
4679,Received,1993-05-16,Clerk#000000905
4704,Order Placed,1996-08-16,Clerk#000000256
4704,Shipped,1996-09-02,Clerk#000000256
4704,Committed,1996-10-07,Clerk#000000256
4704,Received,1996-12-23,Clerk#000000256
4705,Order Placed,1992-03-22,Clerk#000000522
4705,Shipped,1992-04-03,Clerk#000000522
4705,Committed,1992-04-28,Clerk#000000522
4705,Received,1992-07-29,Clerk#000000522
4706,Order Placed,1992-12-29,Clerk#000000722
4706,Shipped,1993-01-20,Clerk#000000722
4706,Committed,1993-01-31,Clerk#000000722
4706,Received,1993-05-01,Clerk#000000722
4707,Order Placed,1995-02-27,Clerk#000000943
4707,Committed,1995-04-06,Clerk#000000943
4707,Shipped,1995-05-14,Clerk#000000943
4707,Received,1995-06-25,Clerk#000000943
4708,Order Placed,1994-10-01,Clerk#000000383
4708,Shipped,1994-10-15,Clerk#000000383
4708,Committed,1994-11-14,Clerk#000000383
4708,Received,1994-11-26,Clerk#000000383
4709,Order Placed,1996-01-08,Clerk#000000785
4709,Shipped,1996-01-22,Clerk#000000785
4709,Committed,1996-02-11,Clerk#000000785
4709,Received,1996-03-17,Clerk#000000785
4710,Order Placed,1994-12-08,Clerk#000000734
4710,Committed,1995-01-12,Clerk#000000734
4710,Shipped,1995-02-22,Clerk#000000734
4710,Received,1995-03-29,Clerk#000000734
4711,Order Placed,1998-05-06,Clerk#000000818
4711,Shipped,1998-05-12,Clerk#000000818
4711,Committed,1998-06-13,Clerk#000000818
4711,Received,1998-09-13,Clerk#000000818
4736,Order Placed,1995-11-20,Clerk#000000563
4736,Committed,1995-12-21,Clerk#000000563
4736,Shipped,1996-02-02,Clerk#000000563
4736,Received,1996-02-09,Clerk#000000563
4737,Order Placed,1993-03-11,Clerk#000000275
4737,Shipped,1993-03-29,Clerk#000000275
4737,Committed,1993-04-10,Clerk#000000275
4737,Received,1993-05-30,Clerk#000000275
4738,Order Placed,1992-04-08,Clerk#000000150
4738,Committed,1992-05-19,Clerk#000000150
4738,Shipped,1992-05-25,Clerk#000000150
4738,Received,1992-07-25,Clerk#000000150
4739,Order Placed,1993-02-21,Clerk#000000872
4739,Committed,1993-04-12,Clerk#000000872
4739,Shipped,1993-05-29,Clerk#000000872
4739,Received,1993-07-11,Clerk#000000872
4740,Order Placed,1996-07-05,Clerk#000000420
4740,Committed,1996-08-17,Clerk#000000420
4740,Shipped,1996-09-10,Clerk#000000420
4740,Received,1996-10-07,Clerk#000000420
4741,Order Placed,1992-07-07,Clerk#000000983
4741,Committed,1992-08-10,Clerk#000000983
4741,Shipped,1992-08-25,Clerk#000000983
4741,Received,1992-11-11,Clerk#000000983
4742,Order Placed,1995-03-23,Clerk#000000058
4742,Shipped,1995-04-04,Clerk#000000058
4742,Committed,1995-05-05,Clerk#000000058
4742,Received,1995-08-11,Clerk#000000058
4743,Order Placed,1993-03-31,Clerk#000000048
4743,Shipped,1993-04-14,Clerk#000000048
4743,Committed,1993-05-03,Clerk#000000048
4743,Received,1993-08-24,Clerk#000000048
4768,Order Placed,1993-11-22,Clerk#000000875
4768,Shipped,1993-12-27,Clerk#000000875
4768,Received,1994-01-11,Clerk#000000875
4768,Committed,1994-02-09,Clerk#000000875
4769,Order Placed,1995-04-14,Clerk#000000116
4769,Committed,1995-05-18,Clerk#000000116
4769,Shipped,1995-06-01,Clerk#000000116
4769,Received,1995-08-11,Clerk#000000116
4770,Order Placed,1995-06-20,Clerk#000000461
4770,Committed,1995-08-08,Clerk#000000461
4770,Shipped,1995-08-25,Clerk#000000461
4770,Received,1995-09-10,Clerk#000000461
4771,Order Placed,1992-12-14,Clerk#000000571
4771,Shipped,1992-12-20,Clerk#000000571
4771,Committed,1993-01-19,Clerk#000000571
4771,Received,1993-03-25,Clerk#000000571
4772,Order Placed,1994-09-14,Clerk#000000708
4772,Shipped,1994-09-19,Clerk#000000708
4772,Committed,1994-10-21,Clerk#000000708
4772,Received,1994-11-15,Clerk#000000708
4773,Order Placed,1995-12-23,Clerk#000000327
4773,Shipped,1995-12-28,Clerk#000000327
4773,Committed,1996-01-29,Clerk#000000327
4773,Received,1996-05-01,Clerk#000000327
4774,Order Placed,1993-04-20,Clerk#000000299
4774,Committed,1993-05-30,Clerk#000000299
4774,Shipped,1993-06-13,Clerk#000000299
4774,Received,1993-08-21,Clerk#000000299
4775,Order Placed,1995-08-13,Clerk#000000609
4775,Shipped,1995-08-30,Clerk#000000609
4775,Committed,1995-09-28,Clerk#000000609
4775,Received,1995-09-29,Clerk#000000609
4800,Order Placed,1992-01-06,Clerk#000000625
4800,Shipped,1992-01-14,Clerk#000000625
4800,Committed,1992-02-23,Clerk#000000625
4800,Received,1992-03-20,Clerk#000000625
4801,Order Placed,1996-01-25,Clerk#000000553
4801,Shipped,1996-02-05,Clerk#000000553
4801,Committed,1996-02-29,Clerk#000000553
4801,Received,1996-04-17,Clerk#000000553
4802,Order Placed,1997-01-23,Clerk#000000400
4802,Committed,1997-03-25,Clerk#000000400
4802,Shipped,1997-04-16,Clerk#000000400
4802,Received,1997-04-21,Clerk#000000400
4803,Order Placed,1996-02-08,Clerk#000000892
4803,Shipped,1996-02-24,Clerk#000000892
4803,Committed,1996-03-15,Clerk#000000892
4803,Received,1996-06-09,Clerk#000000892
4804,Order Placed,1992-01-28,Clerk#000000614
4804,Shipped,1992-03-02,Clerk#000000614
4804,Committed,1992-03-24,Clerk#000000614
4804,Received,1992-05-28,Clerk#000000614
4805,Order Placed,1992-04-25,Clerk#000000514
4805,Shipped,1992-05-01,Clerk#000000514
4805,Committed,1992-06-07,Clerk#000000514
4805,Received,1992-09-14,Clerk#000000514
4806,Order Placed,1993-04-21,Clerk#000000625
4806,Shipped,1993-05-08,Clerk#000000625
4806,Received,1993-05-29,Clerk#000000625
4806,Committed,1993-06-07,Clerk#000000625
4807,Order Placed,1997-01-09,Clerk#000000310
4807,Shipped,1997-01-31,Clerk#000000310
4807,Committed,1997-02-23,Clerk#000000310
4807,Received,1997-06-05,Clerk#000000310
4832,Order Placed,1997-12-04,Clerk#000000548
4832,Shipped,1997-12-05,Clerk#000000548
4832,Committed,1998-01-05,Clerk#000000548
4832,Received,1998-02-08,Clerk#000000548
4833,Order Placed,1996-05-12,Clerk#000000256
4833,Shipped,1996-05-13,Clerk#000000256
4833,Committed,1996-06-29,Clerk#000000256
4833,Received,1996-09-19,Clerk#000000256
4834,Order Placed,1996-09-12,Clerk#000000284
4834,Shipped,1996-10-04,Clerk#000000284
4834,Committed,1996-10-21,Clerk#000000284
4834,Received,1997-01-27,Clerk#000000284
4835,Order Placed,1994-10-25,Clerk#000000250
4835,Shipped,1994-12-10,Clerk#000000250
4835,Committed,1994-12-13,Clerk#000000250
4835,Received,1995-03-17,Clerk#000000250
4836,Order Placed,1996-12-18,Clerk#000000691
4836,Shipped,1997-01-14,Clerk#000000691
4836,Committed,1997-02-06,Clerk#000000691
4836,Received,1997-03-30,Clerk#000000691
4837,Order Placed,1998-04-24,Clerk#000000517
4837,Committed,1998-06-06,Clerk#000000517
4837,Shipped,1998-06-19,Clerk#000000517
4837,Received,1998-08-26,Clerk#000000517
4838,Order Placed,1992-08-02,Clerk#000000569
4838,Shipped,1992-08-11,Clerk#000000569
4838,Committed,1992-09-16,Clerk#000000569
4838,Received,1992-11-21,Clerk#000000569
4839,Order Placed,1994-05-10,Clerk#000000925
4839,Shipped,1994-05-18,Clerk#000000925
4839,Committed,1994-06-13,Clerk#000000925
4839,Received,1994-10-05,Clerk#000000925
4864,Order Placed,1992-11-11,Clerk#000000423
4864,Shipped,1992-11-17,Clerk#000000423
4864,Committed,1992-12-15,Clerk#000000423
4864,Received,1993-03-17,Clerk#000000423
4865,Order Placed,1997-06-07,Clerk#000000418
4865,Shipped,1997-07-17,Clerk#000000418
4865,Committed,1997-07-25,Clerk#000000418
4865,Received,1997-10-04,Clerk#000000418
4866,Order Placed,1997-08-07,Clerk#000000663
4866,Shipped,1997-08-30,Clerk#000000663
4866,Committed,1997-09-18,Clerk#000000663
4866,Received,1997-12-12,Clerk#000000663
4867,Order Placed,1992-05-21,Clerk#000000891
4867,Shipped,1992-07-04,Clerk#000000891
4867,Committed,1992-07-15,Clerk#000000891
4867,Received,1992-07-22,Clerk#000000891
4868,Order Placed,1997-03-02,Clerk#000000729
4868,Shipped,1997-03-26,Clerk#000000729
4868,Committed,1997-04-27,Clerk#000000729
4868,Received,1997-06-15,Clerk#000000729
4869,Order Placed,1994-09-26,Clerk#000000802
4869,Shipped,1994-10-16,Clerk#000000802
4869,Committed,1994-11-07,Clerk#000000802
4869,Received,1995-02-02,Clerk#000000802
4870,Order Placed,1994-08-06,Clerk#000000911
4870,Shipped,1994-09-06,Clerk#000000911
4870,Committed,1994-09-16,Clerk#000000911
4870,Received,1994-12-12,Clerk#000000911
4871,Order Placed,1995-06-12,Clerk#000000531
4871,Shipped,1995-07-13,Clerk#000000531
4871,Committed,1995-07-18,Clerk#000000531
4871,Received,1995-10-18,Clerk#000000531
4896,Order Placed,1992-08-22,Clerk#000000622
4896,Shipped,1992-10-30,Clerk#000000622
4896,Committed,1992-11-11,Clerk#000000622
4896,Received,1993-01-09,Clerk#000000622
4897,Order Placed,1992-09-17,Clerk#000000184
4897,Shipped,1992-09-23,Clerk#000000184
4897,Committed,1992-10-25,Clerk#000000184
4897,Received,1993-01-30,Clerk#000000184
4898,Order Placed,1994-07-11,Clerk#000000841
4898,Committed,1994-08-18,Clerk#000000841
4898,Shipped,1994-09-13,Clerk#000000841
4898,Received,1994-09-16,Clerk#000000841
4899,Order Placed,1993-10-18,Clerk#000000348
4899,Shipped,1993-11-10,Clerk#000000348
4899,Received,1993-11-20,Clerk#000000348
4899,Committed,1994-01-10,Clerk#000000348
4900,Order Placed,1992-06-30,Clerk#000000878
4900,Shipped,1992-07-11,Clerk#000000878
4900,Committed,1992-08-14,Clerk#000000878
4900,Received,1992-09-28,Clerk#000000878
4901,Order Placed,1997-12-31,Clerk#000000980
4901,Shipped,1998-01-08,Clerk#000000980
4901,Committed,1998-01-30,Clerk#000000980
4901,Received,1998-04-21,Clerk#000000980
4902,Order Placed,1998-07-04,Clerk#000000874
4902,Committed,1998-08-10,Clerk#000000874
4902,Shipped,1998-10-12,Clerk#000000874
4902,Received,1998-11-08,Clerk#000000874
4903,Order Placed,1992-03-22,Clerk#000000907
4903,Shipped,1992-04-01,Clerk#000000907
4903,Committed,1992-05-16,Clerk#000000907
4903,Received,1992-07-08,Clerk#000000907
4928,Order Placed,1993-10-04,Clerk#000000952
4928,Shipped,1993-10-12,Clerk#000000952
4928,Committed,1993-11-29,Clerk#000000952
4928,Received,1994-02-13,Clerk#000000952
4929,Order Placed,1996-02-29,Clerk#000000109
4929,Shipped,1996-03-12,Clerk#000000109
4929,Committed,1996-04-13,Clerk#000000109
4929,Received,1996-06-26,Clerk#000000109
4930,Order Placed,1994-05-06,Clerk#000000593
4930,Shipped,1994-06-06,Clerk#000000593
4930,Committed,1994-06-17,Clerk#000000593
4930,Received,1994-09-18,Clerk#000000593
4931,Order Placed,1994-11-17,Clerk#000000356
4931,Shipped,1994-12-15,Clerk#000000356
4931,Committed,1994-12-18,Clerk#000000356
4931,Received,1995-03-15,Clerk#000000356
4932,Order Placed,1993-08-10,Clerk#000000830
4932,Committed,1993-09-13,Clerk#000000830
4932,Shipped,1993-09-13,Clerk#000000830
4932,Received,1993-11-29,Clerk#000000830
4933,Order Placed,1995-07-14,Clerk#000000848
4933,Committed,1995-09-29,Clerk#000000848
4933,Shipped,1995-10-01,Clerk#000000848
4933,Received,1995-11-04,Clerk#000000848
4934,Order Placed,1997-02-17,Clerk#000000372
4934,Shipped,1997-03-19,Clerk#000000372
4934,Committed,1997-03-26,Clerk#000000372
4934,Received,1997-06-25,Clerk#000000372
4935,Order Placed,1993-05-25,Clerk#000000601
4935,Shipped,1993-05-29,Clerk#000000601
4935,Committed,1993-07-04,Clerk#000000601
4935,Received,1993-10-12,Clerk#000000601
4960,Order Placed,1995-02-26,Clerk#000000229
4960,Shipped,1995-03-06,Clerk#000000229
4960,Committed,1995-04-11,Clerk#000000229
4960,Received,1995-06-01,Clerk#000000229
4961,Order Placed,1998-04-06,Clerk#000000731
4961,Shipped,1998-04-15,Clerk#000000731
4961,Committed,1998-05-25,Clerk#000000731
4961,Received,1998-08-05,Clerk#000000731
4962,Order Placed,1993-07-28,Clerk#000000008
4962,Shipped,1993-08-23,Clerk#000000008
4962,Received,1993-08-27,Clerk#000000008
4962,Committed,1993-09-04,Clerk#000000008
4963,Order Placed,1996-11-07,Clerk#000000754
4963,Shipped,1996-11-20,Clerk#000000754
4963,Committed,1996-12-12,Clerk#000000754
4963,Received,1997-01-02,Clerk#000000754
4964,Order Placed,1997-07-28,Clerk#000000144
4964,Committed,1997-08-28,Clerk#000000144
4964,Shipped,1997-08-30,Clerk#000000144
4964,Received,1997-11-10,Clerk#000000144
4965,Order Placed,1993-10-21,Clerk#000000638
4965,Shipped,1993-11-06,Clerk#000000638
4965,Committed,1993-11-20,Clerk#000000638
4965,Received,1994-02-24,Clerk#000000638
4966,Order Placed,1996-09-07,Clerk#000000243
4966,Shipped,1996-09-23,Clerk#000000243
4966,Committed,1996-10-09,Clerk#000000243
4966,Received,1997-01-06,Clerk#000000243
4967,Order Placed,1997-02-17,Clerk#000000397
4967,Committed,1997-03-29,Clerk#000000397
4967,Shipped,1997-04-16,Clerk#000000397
4967,Received,1997-06-23,Clerk#000000397
4992,Order Placed,1992-05-10,Clerk#000000166
4992,Shipped,1992-06-01,Clerk#000000166
4992,Committed,1992-06-16,Clerk#000000166
4992,Received,1992-09-21,Clerk#000000166
4993,Order Placed,1994-08-04,Clerk#000000258
4993,Shipped,1994-08-27,Clerk#000000258
4993,Committed,1994-09-04,Clerk#000000258
4993,Received,1994-10-15,Clerk#000000258
4994,Order Placed,1996-06-29,Clerk#000000868
4994,Committed,1996-07-30,Clerk#000000868
4994,Shipped,1996-08-19,Clerk#000000868
4994,Received,1996-11-08,Clerk#000000868
4995,Order Placed,1996-01-06,Clerk#000000748
4995,Committed,1996-02-20,Clerk#000000748
4995,Shipped,1996-02-24,Clerk#000000748
4995,Received,1996-05-07,Clerk#000000748
4996,Order Placed,1992-09-14,Clerk#000000433
4996,Shipped,1992-09-17,Clerk#000000433
4996,Committed,1992-10-19,Clerk#000000433
4996,Received,1993-02-04,Clerk#000000433
4997,Order Placed,1998-03-18,Clerk#000000040
4997,Shipped,1998-04-20,Clerk#000000040
4997,Committed,1998-04-23,Clerk#000000040
4997,Received,1998-07-21,Clerk#000000040
4998,Order Placed,1992-01-11,Clerk#000000054
4998,Shipped,1992-01-25,Clerk#000000054
4998,Committed,1992-02-26,Clerk#000000054
4998,Received,1992-05-24,Clerk#000000054
4999,Order Placed,1993-06-26,Clerk#000000504
4999,Shipped,1993-07-21,Clerk#000000504
4999,Committed,1993-08-04,Clerk#000000504
4999,Received,1993-08-30,Clerk#000000504
5024,Order Placed,1996-10-25,Clerk#000000659
5024,Shipped,1996-11-09,Clerk#000000659
5024,Committed,1996-12-03,Clerk#000000659
5024,Received,1996-12-05,Clerk#000000659
5025,Order Placed,1997-02-03,Clerk#000000805
5025,Shipped,1997-02-21,Clerk#000000805
5025,Committed,1997-04-16,Clerk#000000805
5025,Received,1997-06-28,Clerk#000000805
5026,Order Placed,1997-09-06,Clerk#000000955
5026,Committed,1997-11-02,Clerk#000000955
5026,Shipped,1997-12-23,Clerk#000000955
5026,Received,1998-01-03,Clerk#000000955
5027,Order Placed,1997-08-30,Clerk#000000751
5027,Shipped,1997-09-09,Clerk#000000751
5027,Committed,1997-10-29,Clerk#000000751
5027,Received,1997-11-18,Clerk#000000751
5028,Order Placed,1992-04-17,Clerk#000000180
5028,Committed,1992-07-09,Clerk#000000180
5028,Shipped,1992-07-17,Clerk#000000180
5028,Received,1992-08-30,Clerk#000000180
5029,Order Placed,1992-11-14,Clerk#000000469
5029,Shipped,1992-11-25,Clerk#000000469
5029,Committed,1992-12-18,Clerk#000000469
5029,Received,1993-04-02,Clerk#000000469
5030,Order Placed,1998-05-25,Clerk#000000564
5030,Committed,1998-07-25,Clerk#000000564
5030,Shipped,1998-08-22,Clerk#000000564
5030,Received,1998-09-30,Clerk#000000564
5031,Order Placed,1994-12-02,Clerk#000000788
5031,Shipped,1994-12-04,Clerk#000000788
5031,Committed,1995-01-08,Clerk#000000788
5031,Received,1995-04-12,Clerk#000000788
5056,Order Placed,1997-02-15,Clerk#000000828
5056,Shipped,1997-03-24,Clerk#000000828
5056,Committed,1997-04-07,Clerk#000000828
5056,Received,1997-07-06,Clerk#000000828
5057,Order Placed,1997-08-03,Clerk#000000955
5057,Committed,1997-09-07,Clerk#000000955
5057,Shipped,1997-09-20,Clerk#000000955
5057,Received,1997-10-30,Clerk#000000955
5058,Order Placed,1998-03-23,Clerk#000000367
5058,Committed,1998-06-09,Clerk#000000367
5058,Shipped,1998-07-12,Clerk#000000367
5058,Received,1998-07-15,Clerk#000000367
5059,Order Placed,1993-11-10,Clerk#000000058
5059,Shipped,1993-12-23,Clerk#000000058
5059,Committed,1993-12-26,Clerk#000000058
5059,Received,1994-03-14,Clerk#000000058
5060,Order Placed,1992-07-07,Clerk#000000333
5060,Shipped,1992-07-23,Clerk#000000333
5060,Committed,1992-08-11,Clerk#000000333
5060,Received,1992-10-09,Clerk#000000333
5061,Order Placed,1993-08-14,Clerk#000000009
5061,Shipped,1993-09-07,Clerk#000000009
5061,Committed,1993-09-13,Clerk#000000009
5061,Received,1993-11-13,Clerk#000000009
5062,Order Placed,1992-10-08,Clerk#000000012
5062,Shipped,1992-11-04,Clerk#000000012
5062,Committed,1992-11-17,Clerk#000000012
5062,Received,1993-03-03,Clerk#000000012
5063,Order Placed,1997-05-17,Clerk#000000745
5063,Shipped,1997-06-02,Clerk#000000745
5063,Committed,1997-06-18,Clerk#000000745
5063,Received,1997-10-05,Clerk#000000745
5088,Order Placed,1993-01-06,Clerk#000000930
5088,Shipped,1993-01-22,Clerk#000000930
5088,Committed,1993-02-06,Clerk#000000930
5088,Received,1993-05-14,Clerk#000000930
5089,Order Placed,1992-07-29,Clerk#000000677
5089,Committed,1992-09-11,Clerk#000000677
5089,Shipped,1992-09-18,Clerk#000000677
5089,Received,1992-12-22,Clerk#000000677
5090,Order Placed,1997-03-09,Clerk#000000953
5090,Shipped,1997-03-29,Clerk#000000953
5090,Committed,1997-04-12,Clerk#000000953
5090,Received,1997-07-26,Clerk#000000953
5091,Order Placed,1998-05-21,Clerk#000000311
5091,Committed,1998-06-22,Clerk#000000311
5091,Shipped,1998-07-21,Clerk#000000311
5091,Received,1998-07-26,Clerk#000000311
5092,Order Placed,1995-10-30,Clerk#000000194
5092,Shipped,1995-11-06,Clerk#000000194
5092,Committed,1995-11-30,Clerk#000000194
5092,Received,1996-03-20,Clerk#000000194
5093,Order Placed,1993-09-03,Clerk#000000802
5093,Shipped,1993-09-16,Clerk#000000802
5093,Committed,1993-11-04,Clerk#000000802
5093,Received,1994-01-02,Clerk#000000802
5094,Order Placed,1993-03-29,Clerk#000000406
5094,Shipped,1993-03-31,Clerk#000000406
5094,Committed,1993-05-03,Clerk#000000406
5094,Received,1993-08-16,Clerk#000000406
5095,Order Placed,1992-04-22,Clerk#000000964
5095,Shipped,1992-05-23,Clerk#000000964
5095,Committed,1992-05-25,Clerk#000000964
5095,Received,1992-08-16,Clerk#000000964
5120,Order Placed,1996-06-05,Clerk#000000332
5120,Shipped,1996-07-20,Clerk#000000332
5120,Received,1996-08-06,Clerk#000000332
5120,Committed,1996-08-31,Clerk#000000332
5121,Order Placed,1992-05-11,Clerk#000000736
5121,Shipped,1992-05-18,Clerk#000000736
5121,Committed,1992-06-11,Clerk#000000736
5121,Received,1992-09-12,Clerk#000000736
5122,Order Placed,1996-02-10,Clerk#000000780
5122,Committed,1996-03-29,Clerk#000000780
5122,Shipped,1996-04-02,Clerk#000000780
5122,Received,1996-06-13,Clerk#000000780
5123,Order Placed,1998-02-10,Clerk#000000776
5123,Committed,1998-03-23,Clerk#000000776
5123,Shipped,1998-05-17,Clerk#000000776
5123,Received,1998-06-02,Clerk#000000776
5124,Order Placed,1997-04-04,Clerk#000000749
5124,Shipped,1997-04-20,Clerk#000000749
5124,Committed,1997-05-13,Clerk#000000749
5124,Received,1997-08-01,Clerk#000000749
5125,Order Placed,1998-02-07,Clerk#000000834
5125,Shipped,1998-03-20,Clerk#000000834
5125,Committed,1998-04-14,Clerk#000000834
5125,Received,1998-04-29,Clerk#000000834
5126,Order Placed,1992-10-12,Clerk#000000270
5126,Committed,1992-12-19,Clerk#000000270
5126,Shipped,1993-01-02,Clerk#000000270
5126,Received,1993-02-14,Clerk#000000270
5127,Order Placed,1997-01-15,Clerk#000000829
5127,Committed,1997-02-26,Clerk#000000829
5127,Shipped,1997-03-25,Clerk#000000829
5127,Received,1997-05-12,Clerk#000000829
5152,Order Placed,1997-01-04,Clerk#000000963
5152,Committed,1997-02-04,Clerk#000000963
5152,Shipped,1997-03-10,Clerk#000000963
5152,Received,1997-04-18,Clerk#000000963
5153,Order Placed,1995-08-26,Clerk#000000954
5153,Committed,1995-09-25,Clerk#000000954
5153,Shipped,1995-10-03,Clerk#000000954
5153,Received,1996-01-03,Clerk#000000954
5154,Order Placed,1997-04-13,Clerk#000000316
5154,Shipped,1997-06-23,Clerk#000000316
5154,Committed,1997-06-30,Clerk#000000316
5154,Received,1997-09-04,Clerk#000000316
5155,Order Placed,1994-06-12,Clerk#000000108
5155,Shipped,1994-06-30,Clerk#000000108
5155,Committed,1994-07-19,Clerk#000000108
5155,Received,1994-09-18,Clerk#000000108
5156,Order Placed,1996-11-04,Clerk#000000117
5156,Committed,1996-12-10,Clerk#000000117
5156,Shipped,1997-01-01,Clerk#000000117
5156,Received,1997-03-13,Clerk#000000117
5157,Order Placed,1997-07-06,Clerk#000000689
5157,Shipped,1997-07-27,Clerk#000000689
5157,Committed,1997-08-07,Clerk#000000689
5157,Received,1997-10-26,Clerk#000000689
5158,Order Placed,1997-01-21,Clerk#000000541
5158,Shipped,1997-02-03,Clerk#000000541
5158,Committed,1997-02-20,Clerk#000000541
5158,Received,1997-06-04,Clerk#000000541
5159,Order Placed,1996-09-25,Clerk#000000303
5159,Committed,1996-11-04,Clerk#000000303
5159,Shipped,1996-11-06,Clerk#000000303
5159,Received,1997-02-08,Clerk#000000303
5184,Order Placed,1998-07-20,Clerk#000000250
5184,Shipped,1998-08-17,Clerk#000000250
5184,Committed,1998-08-19,Clerk#000000250
5184,Received,1998-12-01,Clerk#000000250
5185,Order Placed,1997-07-25,Clerk#000000195
5185,Shipped,1997-08-08,Clerk#000000195
5185,Committed,1997-09-02,Clerk#000000195
5185,Received,1997-11-06,Clerk#000000195
5186,Order Placed,1996-08-03,Clerk#000000332
5186,Shipped,1996-08-08,Clerk#000000332
5186,Committed,1996-09-21,Clerk#000000332
5186,Received,1996-12-11,Clerk#000000332
5187,Order Placed,1997-07-16,Clerk#000000682
5187,Shipped,1997-08-08,Clerk#000000682
5187,Committed,1997-08-24,Clerk#000000682
5187,Received,1997-10-26,Clerk#000000682
5188,Order Placed,1995-03-02,Clerk#000000029
5188,Shipped,1995-03-09,Clerk#000000029
5188,Committed,1995-05-16,Clerk#000000029
5188,Received,1995-06-25,Clerk#000000029
5189,Order Placed,1993-11-26,Clerk#000000940
5189,Shipped,1993-12-12,Clerk#000000940
5189,Committed,1994-01-05,Clerk#000000940
5189,Received,1994-04-20,Clerk#000000940
5190,Order Placed,1992-04-26,Clerk#000000888
5190,Committed,1992-06-10,Clerk#000000888
5190,Shipped,1992-07-23,Clerk#000000888
5190,Received,1992-09-01,Clerk#000000888
5191,Order Placed,1994-12-11,Clerk#000000318
5191,Shipped,1994-12-26,Clerk#000000318
5191,Committed,1995-01-24,Clerk#000000318
5191,Received,1995-04-02,Clerk#000000318
5216,Order Placed,1997-08-14,Clerk#000000418
5216,Shipped,1997-08-20,Clerk#000000418
5216,Received,1997-09-14,Clerk#000000418
5216,Committed,1997-11-07,Clerk#000000418
5217,Order Placed,1995-10-13,Clerk#000000873
5217,Shipped,1995-11-15,Clerk#000000873
5217,Committed,1995-11-21,Clerk#000000873
5217,Received,1996-02-10,Clerk#000000873
5218,Order Placed,1992-07-30,Clerk#000000683
5218,Shipped,1992-08-04,Clerk#000000683
5218,Committed,1992-09-12,Clerk#000000683
5218,Received,1992-09-27,Clerk#000000683
5219,Order Placed,1997-02-27,Clerk#000000510
5219,Shipped,1997-04-20,Clerk#000000510
5219,Committed,1997-04-29,Clerk#000000510
5219,Received,1997-07-08,Clerk#000000510
5220,Order Placed,1992-07-30,Clerk#000000051
5220,Committed,1992-08-29,Clerk#000000051
5220,Shipped,1992-09-21,Clerk#000000051
5220,Received,1992-10-16,Clerk#000000051
5221,Order Placed,1995-06-09,Clerk#000000324
5221,Committed,1995-07-17,Clerk#000000324
5221,Shipped,1995-08-29,Clerk#000000324
5221,Received,1995-10-30,Clerk#000000324
5222,Order Placed,1994-05-27,Clerk#000000613
5222,Committed,1994-07-16,Clerk#000000613
5222,Shipped,1994-08-19,Clerk#000000613
5222,Received,1994-09-08,Clerk#000000613
5223,Order Placed,1994-06-30,Clerk#000000745
5223,Shipped,1994-07-12,Clerk#000000745
5223,Committed,1994-08-13,Clerk#000000745
5223,Received,1994-10-31,Clerk#000000745
5248,Order Placed,1995-04-15,Clerk#000000737
5248,Shipped,1995-05-09,Clerk#000000737
5248,Committed,1995-07-04,Clerk#000000737
5248,Received,1995-09-09,Clerk#000000737
5249,Order Placed,1994-09-06,Clerk#000000019
5249,Shipped,1994-09-16,Clerk#000000019
5249,Committed,1994-10-20,Clerk#000000019
5249,Received,1995-01-15,Clerk#000000019
5250,Order Placed,1995-07-16,Clerk#000000307
5250,Shipped,1995-08-09,Clerk#000000307
5250,Committed,1995-09-03,Clerk#000000307
5250,Received,1995-11-18,Clerk#000000307
5251,Order Placed,1995-04-12,Clerk#000000687
5251,Committed,1995-07-05,Clerk#000000687
5251,Shipped,1995-07-16,Clerk#000000687
5251,Received,1995-07-28,Clerk#000000687
5252,Order Placed,1996-02-17,Clerk#000000724
5252,Shipped,1996-03-02,Clerk#000000724
5252,Committed,1996-03-19,Clerk#000000724
5252,Received,1996-06-26,Clerk#000000724
5253,Order Placed,1995-04-11,Clerk#000000275
5253,Committed,1995-05-12,Clerk#000000275
5253,Shipped,1995-05-21,Clerk#000000275
5253,Received,1995-08-27,Clerk#000000275
5254,Order Placed,1992-07-26,Clerk#000000527
5254,Shipped,1992-07-28,Clerk#000000527
5254,Committed,1992-09-01,Clerk#000000527
5254,Received,1992-12-15,Clerk#000000527
5255,Order Placed,1996-07-12,Clerk#000000591
5255,Committed,1996-08-18,Clerk#000000591
5255,Shipped,1996-08-21,Clerk#000000591
5255,Received,1996-10-09,Clerk#000000591
5280,Order Placed,1997-12-03,Clerk#000000604
5280,Shipped,1998-01-04,Clerk#000000604
5280,Committed,1998-01-21,Clerk#000000604
5280,Received,1998-04-03,Clerk#000000604
5281,Order Placed,1995-11-02,Clerk#000000158
5281,Shipped,1995-11-10,Clerk#000000158
5281,Committed,1995-12-19,Clerk#000000158
5281,Received,1996-03-05,Clerk#000000158
5282,Order Placed,1998-01-30,Clerk#000000030
5282,Shipped,1998-03-01,Clerk#000000030
5282,Committed,1998-03-31,Clerk#000000030
5282,Received,1998-06-14,Clerk#000000030
5283,Order Placed,1994-06-04,Clerk#000000579
5283,Shipped,1994-06-20,Clerk#000000579
5283,Committed,1994-08-03,Clerk#000000579
5283,Received,1994-10-15,Clerk#000000579
5284,Order Placed,1995-07-09,Clerk#000000155
5284,Shipped,1995-08-17,Clerk#000000155
5284,Committed,1995-08-23,Clerk#000000155
5284,Received,1995-10-27,Clerk#000000155
5285,Order Placed,1994-01-18,Clerk#000000976
5285,Shipped,1994-02-08,Clerk#000000976
5285,Committed,1994-02-18,Clerk#000000976
5285,Received,1994-05-19,Clerk#000000976
5286,Order Placed,1997-09-26,Clerk#000000606
5286,Shipped,1997-09-27,Clerk#000000606
5286,Committed,1997-11-06,Clerk#000000606
5286,Received,1997-12-17,Clerk#000000606
5287,Order Placed,1993-12-22,Clerk#000000406
5287,Committed,1994-01-27,Clerk#000000406
5287,Shipped,1994-01-29,Clerk#000000406
5287,Received,1994-02-08,Clerk#000000406
5312,Order Placed,1995-02-24,Clerk#000000690
5312,Shipped,1995-03-24,Clerk#000000690
5312,Committed,1995-04-09,Clerk#000000690
5312,Received,1995-04-25,Clerk#000000690
5313,Order Placed,1997-06-17,Clerk#000000896
5313,Shipped,1997-06-27,Clerk#000000896
5313,Committed,1997-07-18,Clerk#000000896
5313,Received,1997-10-25,Clerk#000000896
5314,Order Placed,1995-06-02,Clerk#000000617
5314,Committed,1995-07-08,Clerk#000000617
5314,Shipped,1995-09-25,Clerk#000000617
5314,Received,1995-10-19,Clerk#000000617
5315,Order Placed,1992-10-29,Clerk#000000035
5315,Shipped,1992-11-09,Clerk#000000035
5315,Committed,1992-12-29,Clerk#000000035
5315,Received,1993-01-10,Clerk#000000035
5316,Order Placed,1994-01-31,Clerk#000000734
5316,Shipped,1994-03-28,Clerk#000000734
5316,Received,1994-04-12,Clerk#000000734
5316,Committed,1994-04-21,Clerk#000000734
5317,Order Placed,1994-09-09,Clerk#000000687
5317,Shipped,1994-09-15,Clerk#000000687
5317,Committed,1994-10-18,Clerk#000000687
5317,Received,1995-01-16,Clerk#000000687
5318,Order Placed,1993-04-04,Clerk#000000663
5318,Committed,1993-05-06,Clerk#000000663
5318,Shipped,1993-07-07,Clerk#000000663
5318,Received,1993-08-13,Clerk#000000663
5319,Order Placed,1996-01-21,Clerk#000000237
5319,Committed,1996-03-07,Clerk#000000237
5319,Shipped,1996-03-26,Clerk#000000237
5319,Received,1996-06-11,Clerk#000000237
5344,Order Placed,1998-06-21,Clerk#000000569
5344,Committed,1998-07-26,Clerk#000000569
5344,Shipped,1998-08-04,Clerk#000000569
5344,Received,1998-11-08,Clerk#000000569
5345,Order Placed,1997-08-24,Clerk#000000057
5345,Shipped,1997-08-27,Clerk#000000057
5345,Committed,1997-09-27,Clerk#000000057
5345,Received,1998-01-05,Clerk#000000057
5346,Order Placed,1993-12-26,Clerk#000000220
5346,Shipped,1993-12-28,Clerk#000000220
5346,Committed,1994-02-04,Clerk#000000220
5346,Received,1994-04-04,Clerk#000000220
5347,Order Placed,1995-02-22,Clerk#000000180
5347,Shipped,1995-02-25,Clerk#000000180
5347,Committed,1995-03-29,Clerk#000000180
5347,Received,1995-06-28,Clerk#000000180
5348,Order Placed,1997-11-08,Clerk#000000497
5348,Shipped,1997-12-01,Clerk#000000497
5348,Committed,1997-12-09,Clerk#000000497
5348,Received,1998-03-12,Clerk#000000497
5349,Order Placed,1996-09-01,Clerk#000000960
5349,Shipped,1996-09-11,Clerk#000000960
5349,Committed,1996-10-08,Clerk#000000960
5349,Received,1997-01-01,Clerk#000000960
5350,Order Placed,1993-10-10,Clerk#000000604
5350,Shipped,1993-10-19,Clerk#000000604
5350,Committed,1993-11-15,Clerk#000000604
5350,Received,1994-02-15,Clerk#000000604
5351,Order Placed,1998-05-11,Clerk#000000443
5351,Shipped,1998-05-12,Clerk#000000443
5351,Committed,1998-07-06,Clerk#000000443
5351,Received,1998-08-25,Clerk#000000443
5376,Order Placed,1994-07-04,Clerk#000000392
5376,Committed,1994-08-05,Clerk#000000392
5376,Shipped,1994-08-30,Clerk#000000392
5376,Received,1994-11-01,Clerk#000000392
5377,Order Placed,1997-04-24,Clerk#000000917
5377,Shipped,1997-05-08,Clerk#000000917
5377,Committed,1997-05-25,Clerk#000000917
5377,Received,1997-08-08,Clerk#000000917
5378,Order Placed,1992-10-25,Clerk#000000520
5378,Shipped,1992-11-25,Clerk#000000520
5378,Committed,1992-12-21,Clerk#000000520
5378,Received,1993-02-26,Clerk#000000520
5379,Order Placed,1995-08-08,Clerk#000000503
5379,Shipped,1995-10-01,Clerk#000000503
5379,Committed,1995-10-19,Clerk#000000503
5379,Received,1995-10-30,Clerk#000000503
5380,Order Placed,1997-10-12,Clerk#000000481
5380,Shipped,1997-11-15,Clerk#000000481
5380,Committed,1997-11-27,Clerk#000000481
5380,Received,1998-01-09,Clerk#000000481
5381,Order Placed,1993-01-29,Clerk#000000531
5381,Committed,1993-03-22,Clerk#000000531
5381,Shipped,1993-04-08,Clerk#000000531
5381,Received,1993-06-17,Clerk#000000531
5382,Order Placed,1992-01-13,Clerk#000000809
5382,Shipped,1992-01-16,Clerk#000000809
5382,Committed,1992-02-17,Clerk#000000809
5382,Received,1992-05-04,Clerk#000000809
5383,Order Placed,1995-05-26,Clerk#000000409
5383,Shipped,1995-07-02,Clerk#000000409
5383,Received,1995-08-01,Clerk#000000409
5383,Committed,1995-08-16,Clerk#000000409
5408,Order Placed,1992-07-21,Clerk#000000735
5408,Shipped,1992-08-21,Clerk#000000735
5408,Committed,1992-08-25,Clerk#000000735
5408,Received,1992-11-16,Clerk#000000735
5409,Order Placed,1992-01-09,Clerk#000000171
5409,Shipped,1992-01-13,Clerk#000000171
5409,Committed,1992-02-10,Clerk#000000171
5409,Received,1992-05-20,Clerk#000000171
5410,Order Placed,1998-07-28,Clerk#000000117
5410,Shipped,1998-08-25,Clerk#000000117
5410,Committed,1998-09-11,Clerk#000000117
5410,Received,1998-11-27,Clerk#000000117
5411,Order Placed,1997-05-16,Clerk#000000800
5411,Shipped,1997-05-25,Clerk#000000800
5411,Committed,1997-07-14,Clerk#000000800
5411,Received,1997-09-23,Clerk#000000800
5412,Order Placed,1998-01-20,Clerk#000000151
5412,Shipped,1998-01-22,Clerk#000000151
5412,Committed,1998-03-28,Clerk#000000151
5412,Received,1998-04-19,Clerk#000000151
5413,Order Placed,1997-10-17,Clerk#000000066
5413,Shipped,1997-10-23,Clerk#000000066
5413,Committed,1997-11-20,Clerk#000000066
5413,Received,1998-02-22,Clerk#000000066
5414,Order Placed,1993-03-25,Clerk#000000242
5414,Shipped,1993-03-27,Clerk#000000242
5414,Committed,1993-05-12,Clerk#000000242
5414,Received,1993-08-08,Clerk#000000242
5415,Order Placed,1992-08-05,Clerk#000000998
5415,Shipped,1992-08-19,Clerk#000000998
5415,Committed,1992-09-04,Clerk#000000998
5415,Received,1992-12-14,Clerk#000000998
5440,Order Placed,1997-01-12,Clerk#000000154
5440,Shipped,1997-02-18,Clerk#000000154
5440,Committed,1997-02-28,Clerk#000000154
5440,Received,1997-03-15,Clerk#000000154
5441,Order Placed,1994-07-21,Clerk#000000257
5441,Shipped,1994-08-12,Clerk#000000257
5441,Committed,1994-09-22,Clerk#000000257
5441,Received,1994-12-16,Clerk#000000257
5442,Order Placed,1998-01-13,Clerk#000000954
5442,Committed,1998-02-13,Clerk#000000954
5442,Shipped,1998-03-13,Clerk#000000954
5442,Received,1998-05-05,Clerk#000000954
5443,Order Placed,1996-10-10,Clerk#000000492
5443,Shipped,1996-10-27,Clerk#000000492
5443,Committed,1996-11-11,Clerk#000000492
5443,Received,1997-02-13,Clerk#000000492
5444,Order Placed,1995-03-18,Clerk#000000677
5444,Shipped,1995-03-30,Clerk#000000677
5444,Committed,1995-04-24,Clerk#000000677
5444,Received,1995-07-19,Clerk#000000677
5445,Order Placed,1993-07-26,Clerk#000000623
5445,Committed,1993-09-05,Clerk#000000623
5445,Shipped,1993-09-16,Clerk#000000623
5445,Received,1993-12-07,Clerk#000000623
5446,Order Placed,1994-06-21,Clerk#000000304
5446,Shipped,1994-07-21,Clerk#000000304
5446,Received,1994-08-17,Clerk#000000304
5446,Committed,1994-08-25,Clerk#000000304
5447,Order Placed,1996-03-16,Clerk#000000597
5447,Committed,1996-05-07,Clerk#000000597
5447,Shipped,1996-07-14,Clerk#000000597
5447,Received,1996-07-17,Clerk#000000597
5472,Order Placed,1993-04-11,Clerk#000000552
5472,Shipped,1993-04-13,Clerk#000000552
5472,Committed,1993-05-14,Clerk#000000552
5472,Received,1993-09-03,Clerk#000000552
5473,Order Placed,1992-03-25,Clerk#000000306
5473,Shipped,1992-04-06,Clerk#000000306
5473,Committed,1992-04-26,Clerk#000000306
5473,Received,1992-06-13,Clerk#000000306
5474,Order Placed,1992-06-01,Clerk#000000487
5474,Shipped,1992-06-07,Clerk#000000487
5474,Committed,1992-07-11,Clerk#000000487
5474,Received,1992-08-24,Clerk#000000487
5475,Order Placed,1996-07-07,Clerk#000000856
5475,Shipped,1996-07-19,Clerk#000000856
5475,Received,1996-07-23,Clerk#000000856
5475,Committed,1996-08-22,Clerk#000000856
5476,Order Placed,1997-11-06,Clerk#000000189
5476,Committed,1997-12-08,Clerk#000000189
5476,Shipped,1997-12-27,Clerk#000000189
5476,Received,1998-02-14,Clerk#000000189
5477,Order Placed,1997-12-30,Clerk#000000689
5477,Shipped,1998-01-04,Clerk#000000689
5477,Committed,1998-01-30,Clerk#000000689
5477,Received,1998-04-07,Clerk#000000689
5478,Order Placed,1996-05-17,Clerk#000000272
5478,Shipped,1996-06-08,Clerk#000000272
5478,Committed,1996-06-25,Clerk#000000272
5478,Received,1996-09-08,Clerk#000000272
5479,Order Placed,1993-12-22,Clerk#000000335
5479,Shipped,1993-12-24,Clerk#000000335
5479,Received,1994-02-11,Clerk#000000335
5479,Committed,1994-02-14,Clerk#000000335
5504,Order Placed,1993-01-06,Clerk#000000221
5504,Shipped,1993-01-28,Clerk#000000221
5504,Committed,1993-02-13,Clerk#000000221
5504,Received,1993-05-22,Clerk#000000221
5505,Order Placed,1997-10-04,Clerk#000000719
5505,Shipped,1997-10-25,Clerk#000000719
5505,Committed,1997-11-04,Clerk#000000719
5505,Received,1998-02-04,Clerk#000000719
5506,Order Placed,1993-11-08,Clerk#000000292
5506,Committed,1994-01-13,Clerk#000000292
5506,Shipped,1994-02-04,Clerk#000000292
5506,Received,1994-02-27,Clerk#000000292
5507,Order Placed,1998-05-28,Clerk#000000692
5507,Shipped,1998-06-06,Clerk#000000692
5507,Committed,1998-07-02,Clerk#000000692
5507,Received,1998-09-18,Clerk#000000692
5508,Order Placed,1996-06-21,Clerk#000000128
5508,Committed,1996-08-02,Clerk#000000128
5508,Shipped,1996-09-01,Clerk#000000128
5508,Received,1996-09-17,Clerk#000000128
5509,Order Placed,1994-04-08,Clerk#000000164
5509,Shipped,1994-04-17,Clerk#000000164
5509,Committed,1994-05-11,Clerk#000000164
5509,Received,1994-08-20,Clerk#000000164
5510,Order Placed,1993-01-08,Clerk#000000819
5510,Shipped,1993-01-20,Clerk#000000819
5510,Committed,1993-02-09,Clerk#000000819
5510,Received,1993-03-24,Clerk#000000819
5511,Order Placed,1994-11-29,Clerk#000000438
5511,Shipped,1994-12-21,Clerk#000000438
5511,Committed,1995-01-05,Clerk#000000438
5511,Received,1995-03-27,Clerk#000000438
5536,Order Placed,1998-03-16,Clerk#000000076
5536,Shipped,1998-03-18,Clerk#000000076
5536,Committed,1998-05-08,Clerk#000000076
5536,Received,1998-06-05,Clerk#000000076
5537,Order Placed,1996-10-03,Clerk#000000742
5537,Shipped,1996-11-06,Clerk#000000742
5537,Committed,1996-11-08,Clerk#000000742
5537,Received,1997-01-28,Clerk#000000742
5538,Order Placed,1993-12-25,Clerk#000000992
5538,Shipped,1993-12-26,Clerk#000000992
5538,Committed,1994-01-31,Clerk#000000992
5538,Received,1994-05-05,Clerk#000000992
5539,Order Placed,1994-07-31,Clerk#000000675
5539,Committed,1994-09-17,Clerk#000000675
5539,Shipped,1994-09-29,Clerk#000000675
5539,Received,1994-10-20,Clerk#000000675
5540,Order Placed,1996-10-12,Clerk#000000120
5540,Shipped,1996-11-12,Clerk#000000120
5540,Committed,1996-11-18,Clerk#000000120
5540,Received,1997-02-20,Clerk#000000120
5541,Order Placed,1997-09-30,Clerk#000000217
5541,Shipped,1997-11-17,Clerk#000000217
5541,Received,1997-12-11,Clerk#000000217
5541,Committed,1997-12-27,Clerk#000000217
5542,Order Placed,1996-04-20,Clerk#000000100
5542,Committed,1996-05-28,Clerk#000000100
5542,Shipped,1996-06-14,Clerk#000000100
5542,Received,1996-07-11,Clerk#000000100
5543,Order Placed,1993-09-25,Clerk#000000644
5543,Shipped,1993-10-04,Clerk#000000644
5543,Committed,1993-11-02,Clerk#000000644
5543,Received,1993-12-17,Clerk#000000644
5568,Order Placed,1995-06-07,Clerk#000000491
5568,Shipped,1995-07-14,Clerk#000000491
5568,Committed,1995-08-18,Clerk#000000491
5568,Received,1995-10-14,Clerk#000000491
5569,Order Placed,1993-04-30,Clerk#000000759
5569,Committed,1993-06-15,Clerk#000000759
5569,Shipped,1993-06-16,Clerk#000000759
5569,Received,1993-09-09,Clerk#000000759
5570,Order Placed,1996-08-12,Clerk#000000795
5570,Shipped,1996-08-29,Clerk#000000795
5570,Committed,1996-10-05,Clerk#000000795
5570,Received,1996-11-08,Clerk#000000795
5571,Order Placed,1992-12-19,Clerk#000000184
5571,Shipped,1992-12-25,Clerk#000000184
5571,Committed,1993-01-18,Clerk#000000184
5571,Received,1993-04-03,Clerk#000000184
5572,Order Placed,1994-07-17,Clerk#000000163
5572,Shipped,1994-08-12,Clerk#000000163
5572,Committed,1994-08-16,Clerk#000000163
5572,Received,1994-11-27,Clerk#000000163
5573,Order Placed,1996-08-15,Clerk#000000055
5573,Shipped,1996-08-26,Clerk#000000055
5573,Committed,1996-09-24,Clerk#000000055
5573,Received,1996-11-15,Clerk#000000055
5574,Order Placed,1992-03-10,Clerk#000000002
5574,Shipped,1992-03-22,Clerk#000000002
5574,Committed,1992-04-09,Clerk#000000002
5574,Received,1992-07-11,Clerk#000000002
5575,Order Placed,1995-07-24,Clerk#000000948
5575,Shipped,1995-08-17,Clerk#000000948
5575,Committed,1995-09-14,Clerk#000000948
5575,Received,1995-11-13,Clerk#000000948
5600,Order Placed,1997-02-08,Clerk#000000019
5600,Shipped,1997-03-22,Clerk#000000019
5600,Committed,1997-03-24,Clerk#000000019
5600,Received,1997-04-16,Clerk#000000019
5601,Order Placed,1992-01-06,Clerk#000000827
5601,Shipped,1992-01-08,Clerk#000000827
5601,Committed,1992-02-24,Clerk#000000827
5601,Received,1992-04-29,Clerk#000000827
5602,Order Placed,1997-07-30,Clerk#000000395
5602,Shipped,1997-09-04,Clerk#000000395
5602,Committed,1997-09-14,Clerk#000000395
5602,Received,1997-11-11,Clerk#000000395
5603,Order Placed,1992-06-20,Clerk#000000535
5603,Shipped,1992-06-24,Clerk#000000535
5603,Committed,1992-07-21,Clerk#000000535
5603,Received,1992-10-10,Clerk#000000535
5604,Order Placed,1998-04-14,Clerk#000000123
5604,Shipped,1998-05-02,Clerk#000000123
5604,Committed,1998-06-23,Clerk#000000123
5604,Received,1998-09-04,Clerk#000000123
5605,Order Placed,1996-08-22,Clerk#000000538
5605,Shipped,1996-08-26,Clerk#000000538
5605,Committed,1996-10-02,Clerk#000000538
5605,Received,1996-12-24,Clerk#000000538
5606,Order Placed,1996-11-12,Clerk#000000688
5606,Shipped,1996-12-23,Clerk#000000688
5606,Committed,1997-01-04,Clerk#000000688
5606,Received,1997-03-23,Clerk#000000688
5607,Order Placed,1992-01-01,Clerk#000000137
5607,Committed,1992-02-12,Clerk#000000137
5607,Shipped,1992-04-17,Clerk#000000137
5607,Received,1992-04-30,Clerk#000000137
5632,Order Placed,1996-02-05,Clerk#000000508
5632,Committed,1996-03-10,Clerk#000000508
5632,Shipped,1996-03-22,Clerk#000000508
5632,Received,1996-06-04,Clerk#000000508
5633,Order Placed,1998-05-31,Clerk#000000841
5633,Shipped,1998-06-24,Clerk#000000841
5633,Committed,1998-07-03,Clerk#000000841
5633,Received,1998-10-19,Clerk#000000841
5634,Order Placed,1996-07-31,Clerk#000000915
5634,Shipped,1996-08-10,Clerk#000000915
5634,Committed,1996-08-31,Clerk#000000915
5634,Received,1996-12-04,Clerk#000000915
5635,Order Placed,1992-08-16,Clerk#000000734
5635,Shipped,1992-08-24,Clerk#000000734
5635,Committed,1992-09-20,Clerk#000000734
5635,Received,1992-12-17,Clerk#000000734
5636,Order Placed,1995-02-16,Clerk#000000916
5636,Shipped,1995-03-05,Clerk#000000916
5636,Committed,1995-03-27,Clerk#000000916
5636,Received,1995-06-12,Clerk#000000916
5637,Order Placed,1996-06-17,Clerk#000000183
5637,Shipped,1996-06-27,Clerk#000000183
5637,Committed,1996-07-26,Clerk#000000183
5637,Received,1996-09-29,Clerk#000000183
5638,Order Placed,1994-01-17,Clerk#000000355
5638,Shipped,1994-02-05,Clerk#000000355
5638,Committed,1994-03-09,Clerk#000000355
5638,Received,1994-06-15,Clerk#000000355
5639,Order Placed,1994-06-02,Clerk#000000005
5639,Committed,1994-07-10,Clerk#000000005
5639,Shipped,1994-09-18,Clerk#000000005
5639,Received,1994-10-12,Clerk#000000005
5664,Order Placed,1998-07-23,Clerk#000000789
5664,Shipped,1998-07-31,Clerk#000000789
5664,Committed,1998-08-26,Clerk#000000789
5664,Received,1998-12-07,Clerk#000000789
5665,Order Placed,1993-06-28,Clerk#000000513
5665,Shipped,1993-06-29,Clerk#000000513
5665,Committed,1993-08-01,Clerk#000000513
5665,Received,1993-11-01,Clerk#000000513
5666,Order Placed,1994-02-02,Clerk#000000396
5666,Shipped,1994-02-14,Clerk#000000396
5666,Committed,1994-03-09,Clerk#000000396
5666,Received,1994-06-12,Clerk#000000396
5667,Order Placed,1995-08-10,Clerk#000000358
5667,Committed,1995-09-17,Clerk#000000358
5667,Shipped,1995-09-24,Clerk#000000358
5667,Received,1995-10-03,Clerk#000000358
5668,Order Placed,1995-03-22,Clerk#000000047
5668,Shipped,1995-04-06,Clerk#000000047
5668,Received,1995-04-17,Clerk#000000047
5668,Committed,1995-05-12,Clerk#000000047
5669,Order Placed,1996-05-06,Clerk#000000336
5669,Committed,1996-06-10,Clerk#000000336
5669,Shipped,1996-06-19,Clerk#000000336
5669,Received,1996-09-07,Clerk#000000336
5670,Order Placed,1993-04-21,Clerk#000000922
5670,Shipped,1993-05-09,Clerk#000000922
5670,Committed,1993-05-30,Clerk#000000922
5670,Received,1993-08-03,Clerk#000000922
5671,Order Placed,1998-02-06,Clerk#000000838
5671,Shipped,1998-02-17,Clerk#000000838
5671,Committed,1998-03-26,Clerk#000000838
5671,Received,1998-07-01,Clerk#000000838
5696,Order Placed,1995-05-04,Clerk#000000447
5696,Shipped,1995-06-06,Clerk#000000447
5696,Committed,1995-06-11,Clerk#000000447
5696,Received,1995-09-10,Clerk#000000447
5697,Order Placed,1992-10-05,Clerk#000000112
5697,Shipped,1992-10-27,Clerk#000000112
5697,Committed,1992-11-28,Clerk#000000112
5697,Received,1993-01-03,Clerk#000000112
5698,Order Placed,1994-05-21,Clerk#000000455
5698,Shipped,1994-05-26,Clerk#000000455
5698,Committed,1994-06-21,Clerk#000000455
5698,Received,1994-08-25,Clerk#000000455
5699,Order Placed,1992-07-30,Clerk#000000311
5699,Shipped,1992-08-11,Clerk#000000311
5699,Committed,1992-09-04,Clerk#000000311
5699,Received,1992-12-27,Clerk#000000311
5700,Order Placed,1997-12-25,Clerk#000000618
5700,Shipped,1997-12-26,Clerk#000000618
5700,Committed,1998-01-28,Clerk#000000618
5700,Received,1998-04-27,Clerk#000000618
5701,Order Placed,1997-02-07,Clerk#000000798
5701,Shipped,1997-03-27,Clerk#000000798
5701,Committed,1997-04-08,Clerk#000000798
5701,Received,1997-04-21,Clerk#000000798
5702,Order Placed,1993-09-07,Clerk#000000743
5702,Committed,1993-10-21,Clerk#000000743
5702,Shipped,1993-11-28,Clerk#000000743
5702,Received,1994-01-26,Clerk#000000743
5703,Order Placed,1993-05-16,Clerk#000000647
5703,Shipped,1993-05-29,Clerk#000000647
5703,Received,1993-06-05,Clerk#000000647
5703,Committed,1993-07-26,Clerk#000000647
5728,Order Placed,1994-12-11,Clerk#000000426
5728,Shipped,1994-12-13,Clerk#000000426
5728,Committed,1995-01-17,Clerk#000000426
5728,Received,1995-04-14,Clerk#000000426
5729,Order Placed,1994-10-10,Clerk#000000843
5729,Committed,1994-11-11,Clerk#000000843
5729,Shipped,1994-11-27,Clerk#000000843
5729,Received,1995-02-13,Clerk#000000843
5730,Order Placed,1997-12-18,Clerk#000000181
5730,Committed,1998-02-02,Clerk#000000181
5730,Shipped,1998-02-24,Clerk#000000181
5730,Received,1998-03-28,Clerk#000000181
5731,Order Placed,1997-05-17,Clerk#000000841
5731,Shipped,1997-06-06,Clerk#000000841
5731,Committed,1997-06-20,Clerk#000000841
5731,Received,1997-09-20,Clerk#000000841
5732,Order Placed,1997-08-03,Clerk#000000910
5732,Shipped,1997-08-18,Clerk#000000910
5732,Received,1997-09-12,Clerk#000000910
5732,Committed,1997-10-25,Clerk#000000910
5733,Order Placed,1993-03-17,Clerk#000000873
5733,Shipped,1993-03-22,Clerk#000000873
5733,Received,1993-04-04,Clerk#000000873
5733,Committed,1993-05-24,Clerk#000000873
5734,Order Placed,1997-10-12,Clerk#000000084
5734,Shipped,1997-10-27,Clerk#000000084
5734,Committed,1997-12-08,Clerk#000000084
5734,Received,1998-01-24,Clerk#000000084
5735,Order Placed,1994-12-11,Clerk#000000600
5735,Shipped,1994-12-23,Clerk#000000600
5735,Received,1995-01-22,Clerk#000000600
5735,Committed,1995-02-10,Clerk#000000600
5760,Order Placed,1994-05-25,Clerk#000000498
5760,Shipped,1994-06-09,Clerk#000000498
5760,Committed,1994-07-04,Clerk#000000498
5760,Received,1994-10-06,Clerk#000000498
5761,Order Placed,1998-07-06,Clerk#000000208
5761,Shipped,1998-07-14,Clerk#000000208
5761,Committed,1998-08-09,Clerk#000000208
5761,Received,1998-09-11,Clerk#000000208
5762,Order Placed,1997-02-14,Clerk#000000901
5762,Shipped,1997-02-21,Clerk#000000901
5762,Committed,1997-03-23,Clerk#000000901
5762,Received,1997-05-11,Clerk#000000901
5763,Order Placed,1998-06-26,Clerk#000000633
5763,Shipped,1998-07-16,Clerk#000000633
5763,Committed,1998-08-16,Clerk#000000633
5763,Received,1998-10-09,Clerk#000000633
5764,Order Placed,1993-10-03,Clerk#000000363
5764,Shipped,1993-10-17,Clerk#000000363
5764,Committed,1993-12-20,Clerk#000000363
5764,Received,1993-12-26,Clerk#000000363
5765,Order Placed,1994-12-15,Clerk#000000959
5765,Shipped,1994-12-29,Clerk#000000959
5765,Committed,1995-01-14,Clerk#000000959
5765,Received,1995-05-05,Clerk#000000959
5766,Order Placed,1993-09-27,Clerk#000000753
5766,Shipped,1993-10-24,Clerk#000000753
5766,Committed,1993-10-30,Clerk#000000753
5766,Received,1994-01-23,Clerk#000000753
5767,Order Placed,1992-04-29,Clerk#000000225
5767,Committed,1992-05-30,Clerk#000000225
5767,Shipped,1992-06-02,Clerk#000000225
5767,Received,1992-08-09,Clerk#000000225
5792,Order Placed,1993-04-04,Clerk#000000731
5792,Committed,1993-05-05,Clerk#000000731
5792,Shipped,1993-05-23,Clerk#000000731
5792,Received,1993-08-27,Clerk#000000731
5793,Order Placed,1997-07-13,Clerk#000000294
5793,Shipped,1997-08-04,Clerk#000000294
5793,Committed,1997-08-23,Clerk#000000294
5793,Received,1997-10-30,Clerk#000000294
5794,Order Placed,1993-04-05,Clerk#000000855
5794,Shipped,1993-04-19,Clerk#000000855
5794,Committed,1993-05-30,Clerk#000000855
5794,Received,1993-08-05,Clerk#000000855
5795,Order Placed,1992-05-05,Clerk#000000581
5795,Committed,1992-07-30,Clerk#000000581
5795,Shipped,1992-08-21,Clerk#000000581
5795,Received,1992-08-27,Clerk#000000581
5796,Order Placed,1996-01-23,Clerk#000000326
5796,Committed,1996-02-29,Clerk#000000326
5796,Shipped,1996-04-06,Clerk#000000326
5796,Received,1996-04-20,Clerk#000000326
5797,Order Placed,1997-10-15,Clerk#000000381
5797,Shipped,1997-12-13,Clerk#000000381
5797,Received,1997-12-23,Clerk#000000381
5797,Committed,1998-01-12,Clerk#000000381
5798,Order Placed,1998-03-30,Clerk#000000343
5798,Shipped,1998-04-01,Clerk#000000343
5798,Committed,1998-05-03,Clerk#000000343
5798,Received,1998-07-20,Clerk#000000343
5799,Order Placed,1995-08-03,Clerk#000000238
5799,Shipped,1995-09-12,Clerk#000000238
5799,Committed,1995-09-13,Clerk#000000238
5799,Received,1995-11-16,Clerk#000000238
5824,Order Placed,1996-12-03,Clerk#000000171
5824,Committed,1997-01-07,Clerk#000000171
5824,Shipped,1997-01-14,Clerk#000000171
5824,Received,1997-02-20,Clerk#000000171
5825,Order Placed,1995-02-21,Clerk#000000494
5825,Committed,1995-04-28,Clerk#000000494
5825,Shipped,1995-05-10,Clerk#000000494
5825,Received,1995-05-13,Clerk#000000494
5826,Order Placed,1998-06-13,Clerk#000000087
5826,Shipped,1998-07-17,Clerk#000000087
5826,Received,1998-08-27,Clerk#000000087
5826,Committed,1998-09-03,Clerk#000000087
5827,Order Placed,1998-07-23,Clerk#000000660
5827,Shipped,1998-07-29,Clerk#000000660
5827,Committed,1998-08-27,Clerk#000000660
5827,Received,1998-11-30,Clerk#000000660
5828,Order Placed,1994-03-06,Clerk#000000377
5828,Shipped,1994-05-15,Clerk#000000377
5828,Committed,1994-05-20,Clerk#000000377
5828,Received,1994-06-17,Clerk#000000377
5829,Order Placed,1997-01-11,Clerk#000000196
5829,Shipped,1997-01-22,Clerk#000000196
5829,Committed,1997-02-12,Clerk#000000196
5829,Received,1997-05-04,Clerk#000000196
5830,Order Placed,1993-03-25,Clerk#000000233
5830,Committed,1993-05-10,Clerk#000000233
5830,Shipped,1993-06-19,Clerk#000000233
5830,Received,1993-07-13,Clerk#000000233
5831,Order Placed,1996-11-17,Clerk#000000585
5831,Shipped,1996-11-20,Clerk#000000585
5831,Committed,1997-01-14,Clerk#000000585
5831,Received,1997-03-07,Clerk#000000585
5856,Order Placed,1994-11-06,Clerk#000000634
5856,Shipped,1994-11-24,Clerk#000000634
5856,Committed,1994-12-23,Clerk#000000634
5856,Received,1995-01-19,Clerk#000000634
5857,Order Placed,1997-11-06,Clerk#000000267
5857,Shipped,1997-12-02,Clerk#000000267
5857,Committed,1997-12-09,Clerk#000000267
5857,Received,1998-02-20,Clerk#000000267
5858,Order Placed,1992-07-14,Clerk#000000580
5858,Shipped,1992-07-20,Clerk#000000580
5858,Committed,1992-08-16,Clerk#000000580
5858,Received,1992-12-03,Clerk#000000580
5859,Order Placed,1997-04-23,Clerk#000000993
5859,Shipped,1997-05-15,Clerk#000000993
5859,Committed,1997-06-06,Clerk#000000993
5859,Received,1997-08-20,Clerk#000000993
5860,Order Placed,1992-02-20,Clerk#000000079
5860,Shipped,1992-03-11,Clerk#000000079
5860,Committed,1992-03-30,Clerk#000000079
5860,Received,1992-03-31,Clerk#000000079
5861,Order Placed,1997-04-10,Clerk#000000094
5861,Committed,1997-05-18,Clerk#000000094
5861,Shipped,1997-05-27,Clerk#000000094
5861,Received,1997-08-24,Clerk#000000094
5862,Order Placed,1997-02-20,Clerk#000000039
5862,Shipped,1997-04-02,Clerk#000000039
5862,Committed,1997-04-16,Clerk#000000039
5862,Received,1997-06-19,Clerk#000000039
5863,Order Placed,1993-11-22,Clerk#000000774
5863,Shipped,1993-12-19,Clerk#000000774
5863,Committed,1994-01-09,Clerk#000000774
5863,Received,1994-01-28,Clerk#000000774
5888,Order Placed,1996-09-28,Clerk#000000748
5888,Committed,1996-11-05,Clerk#000000748
5888,Shipped,1996-11-07,Clerk#000000748
5888,Received,1996-12-08,Clerk#000000748
5889,Order Placed,1995-05-23,Clerk#000000690
5889,Shipped,1995-07-01,Clerk#000000690
5889,Received,1995-07-25,Clerk#000000690
5889,Committed,1995-08-12,Clerk#000000690
5890,Order Placed,1992-11-04,Clerk#000000013
5890,Committed,1992-12-09,Clerk#000000013
5890,Shipped,1993-02-14,Clerk#000000013
5890,Received,1993-02-27,Clerk#000000013
5891,Order Placed,1992-12-29,Clerk#000000302
5891,Shipped,1993-01-01,Clerk#000000302
5891,Committed,1993-02-07,Clerk#000000302
5891,Received,1993-04-15,Clerk#000000302
5892,Order Placed,1995-05-09,Clerk#000000639
5892,Shipped,1995-05-18,Clerk#000000639
5892,Committed,1995-06-11,Clerk#000000639
5892,Received,1995-09-05,Clerk#000000639
5893,Order Placed,1992-07-08,Clerk#000000560
5893,Shipped,1992-07-18,Clerk#000000560
5893,Committed,1992-09-10,Clerk#000000560
5893,Received,1992-11-21,Clerk#000000560
5894,Order Placed,1994-08-13,Clerk#000000776
5894,Shipped,1994-09-04,Clerk#000000776
5894,Received,1994-09-17,Clerk#000000776
5894,Committed,1994-10-27,Clerk#000000776
5895,Order Placed,1997-01-01,Clerk#000000747
5895,Committed,1997-02-07,Clerk#000000747
5895,Shipped,1997-03-03,Clerk#000000747
5895,Received,1997-05-13,Clerk#000000747
5920,Order Placed,1994-11-20,Clerk#000000081
5920,Shipped,1994-12-17,Clerk#000000081
5920,Committed,1995-01-03,Clerk#000000081
5920,Received,1995-03-31,Clerk#000000081
5921,Order Placed,1994-04-07,Clerk#000000125
5921,Shipped,1994-04-13,Clerk#000000125
5921,Committed,1994-05-07,Clerk#000000125
5921,Received,1994-07-15,Clerk#000000125
5922,Order Placed,1996-11-14,Clerk#000000625
5922,Shipped,1996-12-04,Clerk#000000625
5922,Committed,1996-12-16,Clerk#000000625
5922,Received,1997-04-03,Clerk#000000625
5923,Order Placed,1997-05-27,Clerk#000000304
5923,Shipped,1997-06-19,Clerk#000000304
5923,Committed,1997-06-27,Clerk#000000304
5923,Received,1997-09-27,Clerk#000000304
5924,Order Placed,1995-10-10,Clerk#000000433
5924,Shipped,1995-10-25,Clerk#000000433
5924,Committed,1995-12-11,Clerk#000000433
5924,Received,1996-01-25,Clerk#000000433
5925,Order Placed,1995-11-13,Clerk#000000602
5925,Committed,1995-12-14,Clerk#000000602
5925,Shipped,1996-01-02,Clerk#000000602
5925,Received,1996-03-10,Clerk#000000602
5926,Order Placed,1994-05-20,Clerk#000000071
5926,Shipped,1994-07-05,Clerk#000000071
5926,Committed,1994-07-20,Clerk#000000071
5926,Received,1994-09-11,Clerk#000000071
5927,Order Placed,1997-08-28,Clerk#000000972
5927,Shipped,1997-09-24,Clerk#000000972
5927,Committed,1997-10-27,Clerk#000000972
5927,Received,1997-12-31,Clerk#000000972
5952,Order Placed,1997-04-14,Clerk#000000950
5952,Shipped,1997-05-13,Clerk#000000950
5952,Committed,1997-06-04,Clerk#000000950
5952,Received,1997-07-15,Clerk#000000950
5953,Order Placed,1992-03-28,Clerk#000000049
5953,Shipped,1992-04-10,Clerk#000000049
5953,Committed,1992-04-27,Clerk#000000049
5953,Received,1992-06-29,Clerk#000000049
5954,Order Placed,1992-12-03,Clerk#000000968
5954,Shipped,1992-12-25,Clerk#000000968
5954,Committed,1993-01-04,Clerk#000000968
5954,Received,1993-04-10,Clerk#000000968
5955,Order Placed,1995-03-27,Clerk#000000340
5955,Shipped,1995-04-01,Clerk#000000340
5955,Committed,1995-05-23,Clerk#000000340
5955,Received,1995-06-24,Clerk#000000340
5956,Order Placed,1998-05-18,Clerk#000000587
5956,Shipped,1998-06-06,Clerk#000000587
5956,Committed,1998-06-29,Clerk#000000587
5956,Received,1998-09-18,Clerk#000000587
5957,Order Placed,1993-12-27,Clerk#000000020
5957,Shipped,1994-01-07,Clerk#000000020
5957,Committed,1994-01-30,Clerk#000000020
5957,Received,1994-05-11,Clerk#000000020
5958,Order Placed,1995-09-16,Clerk#000000787
5958,Shipped,1995-09-20,Clerk#000000787
5958,Committed,1995-10-17,Clerk#000000787
5958,Received,1996-01-09,Clerk#000000787
5959,Order Placed,1992-05-15,Clerk#000000913
5959,Shipped,1992-05-27,Clerk#000000913
5959,Committed,1992-06-19,Clerk#000000913
5959,Received,1992-09-09,Clerk#000000913
5984,Order Placed,1994-06-18,Clerk#000000023
5984,Committed,1994-07-21,Clerk#000000023
5984,Shipped,1994-08-25,Clerk#000000023
5984,Received,1994-11-11,Clerk#000000023
5985,Order Placed,1995-01-12,Clerk#000000417
5985,Committed,1995-04-01,Clerk#000000417
5985,Shipped,1995-05-04,Clerk#000000417
5985,Received,1995-05-17,Clerk#000000417
5986,Order Placed,1992-04-22,Clerk#000000674
5986,Shipped,1992-05-21,Clerk#000000674
5986,Committed,1992-05-23,Clerk#000000674
5986,Received,1992-09-14,Clerk#000000674
5987,Order Placed,1996-08-03,Clerk#000000464
5987,Shipped,1996-09-13,Clerk#000000464
5987,Committed,1996-09-17,Clerk#000000464
5987,Received,1996-12-05,Clerk#000000464
5988,Order Placed,1993-11-22,Clerk#000000867
5988,Shipped,1994-01-20,Clerk#000000867
5988,Committed,1994-02-06,Clerk#000000867
5988,Received,1994-02-10,Clerk#000000867
